Country Name,Country Code,Series Name,Series Code,2016 [YR2016],2017 [YR2017],2018 [YR2018],2019 [YR2019],2020 [YR2020],2021 [YR2021],2022 [YR2022],2023 [YR2023],2024 [YR2024],2025 [YR2025]
Argentina,ARG,"Adolescent fertility rate (births per 1,000 women ages 15-19)",SP.ADO.TFRT,58.79,55.022,49.926,41.751,31.492,28.54,25.767,26.414,..,..
Argentina,ARG,"Agriculture, forestry, and fishing, value added (% of GDP)",NV.AGR.TOTL.ZS,6.26456582010254,5.23162237725058,4.53787889681146,5.3185559967348,6.35703367575527,7.29128249622041,6.54156940484837,5.8467786039069,5.80601710915959,..
Argentina,ARG,"Annual freshwater withdrawals, total (% of internal resources)",ER.H2O.FWTL.ZS,12.9075342465753,12.9075342465753,12.9075342465753,12.9075342465753,12.9075342465753,12.9075342465753,12.9075342465753,..,..,..
Argentina,ARG,Births attended by skilled health staff (% of total),SH.STA.BRTC.ZS,98.4,93.9,99.5,99.6,98.8,..,..,..,..,..
Argentina,ARG,"Contraceptive prevalence, any method (% of married women ages 15-49)",SP.DYN.CONU.ZS,..,..,..,..,70.1027087175867,..,..,..,..,..
Argentina,ARG,Domestic credit provided by financial sector (% of GDP),FS.AST.DOMS.GD.ZS,37.9322482578709,38.8683983871173,..,37.8443440962428,45.7796388175674,40.7222722878412,41.4598299788054,78.9183308265338,39.7104696307833,..
Argentina,ARG,Electric power consumption (kWh per capita),EG.USE.ELEC.KH.PC,3104.98925144338,3005.76483124641,2971.34364838317,2876.71852724712,2827.42739776861,2942.91077511635,2833.11909750338,2821.77233232234,..,..
Argentina,ARG,Energy use (kg of oil equivalent per capita),EG.USE.PCAP.KG.OE,1889.87018853289,1874.82963739464,1806.77623499039,1777.41507710553,1623.92450833523,1741.51377200597,1808.76021335553,1832.06690004241,..,..
Argentina,ARG,Exports of goods and services (% of GDP),NE.EXP.GNFS.ZS,12.5270951690009,11.3202833596733,14.4366857499034,17.9248783778462,16.6054144372484,18.0667091690365,16.2816677253254,12.8223120961047,15.2497485928824,..
Argentina,ARG,"External debt stocks, total (DOD, current US$)",DT.DOD.DECT.CD,181637286190.7,225923967186.1,277825747406.2,280683596388,255603072878.8,246114307414,248976650822,252793904703.1,242357155703.1,..
Argentina,ARG,"Fertility rate, total (births per woman)",SP.DYN.TFRT.IN,2.241,2.168,2.067,1.882,1.601,1.585,1.482,1.5,..,..
Argentina,ARG,"Foreign direct investment, net inflows (BoP, current US$)",BX.KLT.DINV.CD.WD,3260164341.77393,11516861462.2844,11716769818.7543,6649187837.98606,4884127675.95707,6658049679.27727,15206087397.3003,24756887226.6539,11644393816.0627,..
Argentina,ARG,Forest area (sq. km),AG.LND.FRST.K2,290100,288990,287910,286810,285730,284640,283550,282461.852,..,..
Argentina,ARG,GDP (current US$),NY.GDP.MKTP.CD,557532320662.955,643628393281.364,524819892360.176,447754683615.225,385740508436.965,486564085480.036,633993756301.08,649461687959.174,638365455340.04,..
Argentina,ARG,GDP growth (annual %),NY.GDP.MKTP.KD.ZG,-2.08032784377811,2.81850297775918,-2.61739646282038,-2.00086100285785,-9.9004848136464,10.4418119882506,6.02074537534855,-1.85578803046339,-1.34293072157739,..
Argentina,ARG,"GNI per capita, Atlas method (current US$)",NY.GNP.PCAP.CD,12130,13070,12390,11210,9040,10070,11890,12920,13530,..
Argentina,ARG,"GNI per capita, PPP (current international $)",NY.GNP.PCAP.PP.CD,19660,22790,23540,22590,21790,25770,29260,29570,29800,..
Argentina,ARG,"GNI, Atlas method (current US$)",NY.GNP.ATLS.CD,532504167159.506,578798149500.896,553193024104.448,504056284870.866,408628794998.707,456257174738.439,539796984147.371,588256951450.064,618174835332.571,..
Argentina,ARG,"GNI, PPP (current international $)",NY.GNP.MKTP.PP.CD,863207236895.477,1009263951777.66,1051149861699.34,1016089122555.92,984724060445.269,1167816126453.34,1328638499395.13,1346675808888.92,1361898662885.95,..
Argentina,ARG,Gross capital formation (% of GDP),NE.GDI.TOTL.ZS,17.6632278606203,18.2125671747754,16.6138850156371,14.2100303992191,14.4151557410245,18.0762892471421,17.3855861358427,19.3822632919135,15.8378002382311,..
Argentina,ARG,High-technology exports (% of manufactured exports),TX.VAL.TECH.MF.ZS,8.9823994804111,9.20544177021613,5.40298410146417,5.21279058881723,6.90388925607922,4.42289139264312,4.75157524338594,5.44959440578319,3.85019697474113,..
Argentina,ARG,"Immunization, measles (% of children ages 12-23 months)",SH.IMM.MEAS,90,90,94,86,77,86,85,80,82,..
Argentina,ARG,Imports of goods and services (% of GDP),NE.IMP.GNFS.ZS,13.5667926798789,13.9693177780045,16.3258502050892,14.7057366680037,13.5982843701675,15.0119803984295,15.2985115353002,13.8546391521167,12.6800122564846,..
Argentina,ARG,Income share held by lowest 20%,SI.DST.FRST.20,4.9,5,4.9,4.6,4.7,5,5.4,5.1,5.1,..
Argentina,ARG,"Industry (including construction), value added (% of GDP)",NV.IND.TOTL.ZS,22.0541072112108,21.782123219335,23.7195923321304,23.1578477391434,22.4088763711802,23.4994644263761,24.1118636272911,25.1722105252735,23.9965975604249,..
Argentina,ARG,"Inflation, GDP deflator (annual %)",NY.GDP.DEFL.KD.ZG,41.1193799882279,26.0063792819079,42.0336689575031,49.1955790596612,40.0830878011993,53.8020877665554,68.9938267692314,136.742358437599,207.605241734472,..
Argentina,ARG,"Life expectancy at birth, total (years)",SP.DYN.LE00.IN,76.105,76.543,76.77,76.847,75.878,73.948,75.806,77.395,..,..
Argentina,ARG,Merchandise trade (% of GDP),TG.VAL.TOTL.GD.ZS,20.4045569707469,19.5114139324649,24.2488903055263,25.5139709712499,25.2086565639736,29.0029626540922,26.8840186998715,21.6816484498854,22.0060466657254,..
Argentina,ARG,Military expenditure (% of GDP),MS.MIL.XPND.GD.ZS,0.809245362717563,0.84775481125944,0.732300347538541,0.699696134379197,0.734111593948744,0.631788619254705,0.684586409291956,0.75569413987974,0.618350391157195,..
Argentina,ARG,Mobile cellular subscriptions (per 100 people),IT.CEL.SETS.P2,145.147,139.758,131.224,125.303,121.181,130.353,131.484,137.706,..,..
Argentina,ARG,"Mortality rate, under-5 (per 1,000 live births)",SH.DYN.MORT,11.4,11,10.7,10.5,10.3,10,9.8,9.6,..,..
Argentina,ARG,Net barter terms of trade index (2015 = 100),TT.PRI.MRCH.XD.WD,106.1,103,104.2,103.4,104,113.9,114.2,109.4,..,..
Argentina,ARG,Net migration,SM.POP.NETM,5215,4931,5742,5397,292,314,5589,4133,3454,2859
Argentina,ARG,Net official development assistance and official aid received (current US$),DT.ODA.ALLD.CD,2619663.00010681,-1165737.03289032,73223083.4960938,9495451.92718506,103078170.776367,156561065.673828,385349548.339844,259022705.078125,..,..
Argentina,ARG,"Personal remittances, received (current US$)",BX.TRF.PWKR.CD.DT,391579047.663514,479937459.80843,522441503.008565,561398444.719757,648090050.021815,902789422.017933,1056459895.66862,1008986442.5663,1044365105.03816,..
Argentina,ARG,Population density (people per sq. km of land area),EN.POP.DNST,16.0413905118958,16.1833799224611,16.3171137395905,16.4335255363231,16.5133665121004,16.5573305708721,16.5922716858687,16.6399559321662,..,..
Argentina,ARG,Population growth (annual %),SP.POP.GROW,0.968911125580978,0.881249595012674,0.822969480473088,0.710900853077743,0.484665636741261,0.265879395046274,0.210808731072658,0.286976121920089,0.345829819817895,..
Argentina,ARG,"Population, total",SP.POP.TOTL,43900313,44288894,44654882,44973465,45191965,45312281,45407904,45538401,45696159,..
Argentina,ARG,Poverty headcount ratio at $3.00 a day (2021 PPP) (% of population),SI.POV.DDAY,1.3,1.1,1.6,1.7,2.2,1.4,1.3,1.2,1,..
Argentina,ARG,Poverty headcount ratio at national poverty lines (% of population),SI.POV.NAHC,30.3,25.7,32,35.5,42,37.3,39.2,41.7,38.1,..
Argentina,ARG,"Prevalence of HIV, total (% of population ages 15-49)",SH.DYN.AIDS.ZS,0.4,0.4,0.4,0.4,0.4,0.4,0.4,0.4,0.4,..
Argentina,ARG,"Prevalence of underweight, weight for age (% of children under 5)",SH.STA.MALN.ZS,..,..,2,..,..,..,..,..,..,..
Argentina,ARG,"Primary completion rate, total (% of relevant age group)",SE.PRM.CMPT.ZS,106.53556124907,101.523895644883,100.145531751709,100.286471247217,99.8427784444202,102.877639887141,100.310147105379,98.9436486948575,..,..
Argentina,ARG,"Revenue, excluding grants (% of GDP)",GC.REV.XGRT.GD.ZS,21.2567013071388,19.3371239744582,17.7024488718764,17.7888990505899,17.477732279873,18.0764989040471,17.8931953062698,17.7753274032674,..,..
Argentina,ARG,"School enrollment, primary (% gross)",SE.PRM.ENRR,111.654647827148,109.879669189453,109.305458068848,109.338218688965,108.504623413086,108.139617919922,106.759826660156,102.535244031037,..,..
Argentina,ARG,"School enrollment, primary and secondary (gross), gender parity index (GPI)",SE.ENR.PRSC.FM.ZS,1.02081000804901,1.01962995529175,1.02131998538971,1.02056002616882,1.0242600440979,..,..,..,..,..
Argentina,ARG,"School enrollment, secondary (% gross)",SE.SEC.ENRR,109.598327636719,110.377799987793,109.671241760254,110.460151672363,112.376731872559,115.735778808594,114.14811706543,105.574584297051,..,..
Argentina,ARG,Surface area (sq. km),AG.SRF.TOTL.K2,2780400,2780400,2780400,2780400,2780400,2780400,2780400,2780400,..,..
Argentina,ARG,Tax revenue (% of GDP),GC.TAX.TOTL.GD.ZS,12.0972836411962,10.939623860491,9.79144711720618,10.3919973375404,10.7081211457574,11.3410740324002,11.0647708089117,9.92889407586128,..,..
Argentina,ARG,Terrestrial and marine protected areas (% of total territorial area),ER.PTD.TOTL.ZS,7.5,7.5,7.2,9.4,9.4,9.4,9.6,9.6,9.7,..
Argentina,ARG,"Total debt service (% of exports of goods, services and primary income)",DT.TDS.DECT.EX.ZS,34.9280137137276,51.7299119817311,51.5482584868275,50.832791702386,43.0972641723579,30.6022646249006,31.6825901735881,51.3619830543826,38.2533536654791,..
Argentina,ARG,Urban population growth (annual %),SP.URB.GROW,1.07092245651493,0.981564518342997,0.921517466894255,0.807610964891665,0.579460817835625,0.358692838886458,0.301564724860101,0.375605306735824,0.432261342079918,..
Australia,AUS,"Adolescent fertility rate (births per 1,000 women ages 15-19)",SP.ADO.TFRT,10.939,10.235,9.741,8.763,7.726,7.089,6.747,6.715,..,..
Australia,AUS,"Agriculture, forestry, and fishing, value added (% of GDP)",NV.AGR.TOTL.ZS,2.41300232330254,2.72098319651067,2.47191752630847,2.12424911197662,2.01512715396535,2.30537875480088,2.67242699950618,2.57169831894523,2.03565265249391,..
Australia,AUS,"Annual freshwater withdrawals, total (% of internal resources)",ER.H2O.FWTL.ZS,2.15914634146341,2.45094336788618,2.50609756097561,2.14634146341463,1.70325203252033,2.2479674796748,2.36178861788618,..,..,..
Australia,AUS,Births attended by skilled health staff (% of total),SH.STA.BRTC.ZS,98.8,99.4,98.7,98.8,96,..,..,..,..,..
Australia,AUS,"Contraceptive prevalence, any method (% of married women ages 15-49)",SP.DYN.CONU.ZS,66.93,..,..,..,..,..,..,..,..,..
Australia,AUS,Domestic credit provided by financial sector (% of GDP),FS.AST.DOMS.GD.ZS,..,..,..,..,..,..,..,..,..,..
Australia,AUS,Electric power consumption (kWh per capita),EG.USE.ELEC.KH.PC,10196.8479313322,10040.7488630314,10036.6706941858,10025.7250631996,9933.58557724577,9843.21372769882,9923.43167060364,9819.87119092096,..,..
Australia,AUS,Energy use (kg of oil equivalent per capita),EG.USE.PCAP.KG.OE,5216.98867184459,5162.45894302308,5086.37378454852,5231.57466031316,5159.03638381788,5006.44306522882,4942.16372202842,4927.64894813822,..,..
Australia,AUS,Exports of goods and services (% of GDP),NE.EXP.GNFS.ZS,19.2031438783351,21.1718412211076,21.8125736575066,24.0624800210722,23.9380373915413,22.0018144228925,25.4615298373659,26.701068252275,24.6215240529473,..
Australia,AUS,"External debt stocks, total (DOD, current US$)",DT.DOD.DECT.CD,..,..,..,..,..,..,..,..,..,..
Australia,AUS,"Fertility rate, total (births per woman)",SP.DYN.TFRT.IN,1.752,1.741,1.74,1.657,1.581,1.7,1.63,1.5,..,..
Australia,AUS,"Foreign direct investment, net inflows (BoP, current US$)",BX.KLT.DINV.CD.WD,42970225977.7087,48199372039.9014,60686639529.9229,38745129661.1195,17976843681.3117,31453060427.453,68709419796.6458,35315978153.0955,53393088476.4107,..
Australia,AUS,Forest area (sq. km),AG.LND.FRST.K2,1340372,1340174,1340051,1340051,1340051,1340051,1340051,1340051,..,..
Australia,AUS,GDP (current US$),NY.GDP.MKTP.CD,1211588128417.61,1330890554614.09,1433144978761.67,1398349602956.35,1333336461648.09,1560617493202.69,1695627535475.8,1734451264655.6,1757022451652.83,..
Australia,AUS,GDP growth (annual %),NY.GDP.MKTP.KD.ZG,2.75564065529868,2.29331030192918,2.87417039499501,2.19401703622717,-0.133531904304775,2.00694844335034,4.25304559238732,3.58382100798981,1.37340773365975,..
Australia,AUS,"GNI per capita, Atlas method (current US$)",NY.GNP.PCAP.CD,54330,51700,53280,55090,53770,57220,60790,63320,62680,..
Australia,AUS,"GNI per capita, PPP (current international $)",NY.GNP.PCAP.PP.CD,46320,47240,48780,51080,52890,57560,63510,69080,69600,..
Australia,AUS,"GNI, Atlas method (current US$)",NY.GNP.ATLS.CD,1314218336900.93,1271366799896.38,1329980723176.12,1395670890406.56,1379067543858.45,1469692011145.67,1581764554142.83,1688164228216.05,1704633803351.6,..
Australia,AUS,"GNI, PPP (current international $)",NY.GNP.MKTP.PP.CD,1120633918006.06,1161716703224.86,1217594768237.01,1294210119835.29,1356693821737.99,1478371081961.76,1652552720303.64,1841795093415.32,1892782945379.05,..
Australia,AUS,Gross capital formation (% of GDP),NE.GDI.TOTL.ZS,25.3483902403269,24.0798824498086,24.5546475824653,23.2971815966264,22.3449300806534,22.8801883097412,23.6997957124432,23.873104248989,24.323541758006,..
Australia,AUS,High-technology exports (% of manufactured exports),TX.VAL.TECH.MF.ZS,20.6275044745549,18.0967924595604,18.1371018191307,21.2199332352628,21.4757898705835,22.3940766008599,25.8318704116272,25.2582777120781,25.1586416457084,..
Australia,AUS,"Immunization, measles (% of children ages 12-23 months)",SH.IMM.MEAS,95,94,94,94,93,93,96,91,91,..
Australia,AUS,Imports of goods and services (% of GDP),NE.IMP.GNFS.ZS,21.6102583389859,20.8635723040778,21.7606517070152,21.939202684145,20.5615267123377,18.200421516167,20.2331120432093,22.3432710661529,22.5238570535723,..
Australia,AUS,Income share held by lowest 20%,SI.DST.FRST.20,7.5,..,7.4,..,7.3,..,..,..,..,..
Australia,AUS,"Industry (including construction), value added (% of GDP)",NV.IND.TOTL.ZS,22.3130168026382,23.4479311698975,24.1083351497002,25.2555129054284,25.402839408227,25.4357795203592,27.4019620848457,27.5167800860919,25.5307319894404,..
Australia,AUS,"Inflation, GDP deflator (annual %)",NY.GDP.DEFL.KD.ZG,-0.673417495929741,3.64623358006087,1.84617555303311,3.47660031414854,1.86583412216189,3.06066984761631,7.1995443407201,6.45944110641071,2.58838430384326,..
Australia,AUS,"Life expectancy at birth, total (years)",SP.DYN.LE00.IN,82.4487804878049,82.5,82.7487804878049,82.9,83.2,83.3,83.2,83.0512195121951,..,..
Australia,AUS,Merchandise trade (% of GDP),TG.VAL.TOTL.GD.ZS,32.0880496334806,34.5566356606503,34.3638645983702,35.2250251981782,34.6984435892602,38.8326417356959,42.5725570561367,37.9839441686945,36.2641353501553,..
Australia,AUS,Military expenditure (% of GDP),MS.MIL.XPND.GD.ZS,2.0896214779767,2.00509517581937,1.89562007676709,1.88000240626833,2.00738622102391,1.97847691589702,1.88329708969124,1.86157133456052,1.8837883329175,..
Australia,AUS,Mobile cellular subscriptions (per 100 people),IT.CEL.SETS.P2,109.129,107.8,110.033,109.753,104.93,105.119,109.469,112.513,..,..
Australia,AUS,"Mortality rate, under-5 (per 1,000 live births)",SH.DYN.MORT,3.8,3.8,3.8,3.8,3.8,3.7,3.7,3.7,..,..
Australia,AUS,Net barter terms of trade index (2015 = 100),TT.PRI.MRCH.XD.WD,99.9,116.4,118.6,130.2,131.2,163.7,181,172.2,..,..
Australia,AUS,Net migration,SM.POP.NETM,254648,255023,226412,207142,44447,116768,140972,140232,138510,137109
Australia,AUS,Net official development assistance and official aid received (current US$),DT.ODA.ALLD.CD,..,..,..,..,..,..,..,..,..,..
Australia,AUS,"Personal remittances, received (current US$)",BX.TRF.PWKR.CD.DT,2056844753.41069,1958304889.35855,1781249993.28756,1677816231.14158,1111033571.66998,840975472.217623,1209343727.21175,1610541523.52638,1765403322.32531,..
Australia,AUS,Population density (people per sq. km of land area),EN.POP.DNST,3.14493553058884,3.19715601363491,3.24534491589985,3.29365056253104,3.33452695130798,3.33922844714392,3.38256023775289,3.46591948538875,..,..
Australia,AUS,Population growth (annual %),SP.POP.GROW,1.56194049810399,1.64682779735017,1.49599671041328,1.47749071058438,1.23342825131378,0.14089508329287,1.28931130985537,2.43450716351535,1.99383715356028,..
Australia,AUS,"Population, total",SP.POP.TOTL,24190907,24592588,24963258,25334826,25649248,25685412,26018721,26659922,27196812,..
Australia,AUS,Poverty headcount ratio at $3.00 a day (2021 PPP) (% of population),SI.POV.DDAY,0.5,..,0.5,..,1,..,..,..,..,..
Australia,AUS,Poverty headcount ratio at national poverty lines (% of population),SI.POV.NAHC,..,..,..,..,..,..,..,..,..,..
Australia,AUS,"Prevalence of HIV, total (% of population ages 15-49)",SH.DYN.AIDS.ZS,0.1,0.1,0.1,0.1,0.1,0.1,0.1,0.1,0.1,..
Australia,AUS,"Prevalence of underweight, weight for age (% of children under 5)",SH.STA.MALN.ZS,..,..,..,..,..,..,..,..,..,..
Australia,AUS,"Primary completion rate, total (% of relevant age group)",SE.PRM.CMPT.ZS,..,..,..,..,..,..,..,..,..,..
Australia,AUS,"Revenue, excluding grants (% of GDP)",GC.REV.XGRT.GD.ZS,24.7656119982625,24.7425472872619,25.7471757974481,25.9715065326299,25.1891145627514,25.6293211504608,26.131348255083,..,..,..
Australia,AUS,"School enrollment, primary (% gross)",SE.PRM.ENRR,101.180686950684,100.637657165527,100.398712158203,100.199699401855,99.9011077880859,99.9291534423828,99.1329879760742,99.3657531738281,..,..
Australia,AUS,"School enrollment, primary and secondary (gross), gender parity index (GPI)",SE.ENR.PRSC.FM.ZS,0.925170004367828,0.937539994716644,0.968850016593933,0.964070022106171,0.979290008544922,..,..,..,..,..
Australia,AUS,"School enrollment, secondary (% gross)",SE.SEC.ENRR,155.594390869141,153.576126098633,136.105545043945,144.056564331055,137.490737915039,135.526565551758,133.277267456055,134.099243164062,..,..
Australia,AUS,Surface area (sq. km),AG.SRF.TOTL.K2,7741220,7741220,7741220,7741220,7741220,7741220,7741220,7741220,..,..
Australia,AUS,Tax revenue (% of GDP),GC.TAX.TOTL.GD.ZS,22.1881700823279,22.0221874286349,23.1220344318251,23.3142643790741,22.507523858651,23.0039076566829,23.5614929509239,..,..,..
Australia,AUS,Terrestrial and marine protected areas (% of total territorial area),ER.PTD.TOTL.ZS,28.6,29.7,29.7,29.9,30.4,32.1,32.1,32.1,33.5,..
Australia,AUS,"Total debt service (% of exports of goods, services and primary income)",DT.TDS.DECT.EX.ZS,..,..,..,..,..,..,..,..,..,..
Australia,AUS,Urban population growth (annual %),SP.URB.GROW,1.72153704896083,1.77484017509352,1.60918451255785,1.56366317600073,1.19834939074175,0.0996311835698593,1.40271644327005,2.60882132124518,2.12571289816265,..
Brazil,BRA,"Adolescent fertility rate (births per 1,000 women ages 15-19)",SP.ADO.TFRT,58.372,56.558,54.287,50.958,47.46,45.67,42.881,42.686,..,..
Brazil,BRA,"Agriculture, forestry, and fishing, value added (% of GDP)",NV.AGR.TOTL.ZS,4.89135358721066,4.6005916952048,4.4203993034602,4.2050140951087,5.7114851151592,6.55876261207381,5.76747490842218,6.02306023514157,5.7522764094249,..
Brazil,BRA,"Annual freshwater withdrawals, total (% of internal resources)",ER.H2O.FWTL.ZS,1.17134781840664,1.16021904257198,1.17470411588059,1.19130895601484,1.18494912559618,1.18901254195372,1.20014131778838,..,..,..
Brazil,BRA,Births attended by skilled health staff (% of total),SH.STA.BRTC.ZS,98.6,98.7,98.8,98.4,98.4,..,..,..,..,..
Brazil,BRA,"Contraceptive prevalence, any method (% of married women ages 15-49)",SP.DYN.CONU.ZS,..,..,..,..,..,..,..,..,..,..
Brazil,BRA,Domestic credit provided by financial sector (% of GDP),FS.AST.DOMS.GD.ZS,..,..,..,..,..,..,..,..,..,..
Brazil,BRA,Electric power consumption (kWh per capita),EG.USE.ELEC.KH.PC,2592.61337303819,2610.16613569938,2640.41643831267,2661.18328561313,2624.84323723758,2723.96659104663,2787.76089640442,2916.48609397384,..,..
Brazil,BRA,Energy use (kg of oil equivalent per capita),EG.USE.PCAP.KG.OE,1414.8979311951,1431.95949698072,1403.40232453429,1415.83477031974,1379.24649914162,1430.3934661032,1432.72741132919,1481.22439922518,..,..
Brazil,BRA,Exports of goods and services (% of GDP),NE.EXP.GNFS.ZS,12.4666790428125,12.5189678705014,14.6349994958796,14.1229191909095,16.4535520099709,19.1094303686964,19.6307650034838,17.9693243032658,17.9385794398128,..
Brazil,BRA,"External debt stocks, total (DOD, current US$)",DT.DOD.DECT.CD,543257228545.3,543000470110.9,557765380774.6,568708887352.2,549329010779,571193915507.8,579257850288.2,607387151485.1,605463780812.8,..
Brazil,BRA,"Fertility rate, total (births per woman)",SP.DYN.TFRT.IN,1.727,1.74,1.744,1.705,1.653,1.638,1.629,1.619,..,..
Brazil,BRA,"Foreign direct investment, net inflows (BoP, current US$)",BX.KLT.DINV.CD.WD,74294627801.19,68885491315.23,78183840044.98,69174411753.45,38270116307.45,46440503520.19,75501038733.31,62750364285.48,74090786050.19,..
Brazil,BRA,Forest area (sq. km),AG.LND.FRST.K2,5020820,5000920,4990510,4977990,4966196,4953910,4941960,4929787.518,..,..
Brazil,BRA,GDP (current US$),NY.GDP.MKTP.CD,1795693265999.04,2063514688805.78,1916933708352.71,1873288158838.63,1476107292151.95,1670647464062.96,1951923832083.87,2191131869706.02,2185821648943.86,..
Brazil,BRA,GDP growth (annual %),NY.GDP.MKTP.KD.ZG,-3.2759169063211,1.32286905390815,1.78366676137003,1.22077782271943,-3.27675879612903,4.7626043797061,3.01669435408112,3.24165532813583,3.41931516597739,..
Brazil,BRA,"GNI per capita, Atlas method (current US$)",NY.GNP.PCAP.CD,9050,8830,9320,9410,8080,8060,8440,9310,9930,..
Brazil,BRA,"GNI per capita, PPP (current international $)",NY.GNP.PCAP.PP.CD,14010,14290,15030,15640,15770,17510,19300,20500,21590,..
Brazil,BRA,"GNI, Atlas method (current US$)",NY.GNP.ATLS.CD,1839991635542.07,1808496325125.47,1920049773546.06,1953066623347.15,1686362729687.27,1689214269936.55,1774306739965.41,1966123832077.62,2105073366569.2,..
Brazil,BRA,"GNI, PPP (current international $)",NY.GNP.MKTP.PP.CD,2846197824917.46,2924570810591.09,3098565570885.81,3244270827506.58,3289682051777.31,3669595464497.93,4059062517998.09,4329167193222.26,4577597507111.03,..
Brazil,BRA,Gross capital formation (% of GDP),NE.GDI.TOTL.ZS,14.9695469727335,14.6255875977741,15.0950416297894,15.5167908016709,16.1158206044059,19.521885020934,18.0882204442791,15.7606472061782,16.9814356039822,..
Brazil,BRA,High-technology exports (% of manufactured exports),TX.VAL.TECH.MF.ZS,16.0001642772964,14.3118892236086,14.7442418256611,14.0668052120423,11.3500942678804,9.00155420026002,9.11134627987528,9.849149349554,11.1103644206652,..
Brazil,BRA,"Immunization, measles (% of children ages 12-23 months)",SH.IMM.MEAS,95,87,92,91,79,73,81,87,93,..
Brazil,BRA,Imports of goods and services (% of GDP),NE.IMP.GNFS.ZS,12.0670030342632,11.800766503667,14.2412038802734,14.7673386788259,15.8485265343782,18.5469003905612,19.1853009729483,15.6969055268626,17.6459444987261,..
Brazil,BRA,Income share held by lowest 20%,SI.DST.FRST.20,3.3,3.2,3.1,3.1,4.5,3.3,3.6,3.7,..,..
Brazil,BRA,"Industry (including construction), value added (% of GDP)",NV.IND.TOTL.ZS,18.3547582770536,18.1885023085758,18.7490514527988,18.7546275724707,19.5061183897524,22.123475195366,22.8194568521446,22.1441739229749,20.9406935313888,..
Brazil,BRA,"Inflation, GDP deflator (annual %)",NY.GDP.DEFL.KD.ZG,8.10360437332622,3.67138450418945,4.49353432783231,4.22425886378237,6.47249962311274,13.0472708596343,8.57028196142548,5.15950107501996,4.07967448439621,..
Brazil,BRA,"Life expectancy at birth, total (years)",SP.DYN.LE00.IN,75.081,75.383,75.633,75.809,74.506,73.038,74.872,75.848,..,..
Brazil,BRA,Merchandise trade (% of GDP),TG.VAL.TOTL.GD.ZS,18.0862737611989,18.4560353297222,22.1567390749775,22.1156044810984,25.439614179573,30.8565996770083,32.0904427572502,27.036528845682,28.1358728557362,..
Brazil,BRA,Military expenditure (% of GDP),MS.MIL.XPND.GD.ZS,1.34797541299482,1.41402166797586,1.46967772350671,1.38279724638797,1.32666026860555,1.14903763026142,1.05240083845945,1.00237538990131,0.972774559040702,..
Brazil,BRA,Mobile cellular subscriptions (per 100 people),IT.CEL.SETS.P2,120.101,108.093,101.602,97.3747,98.6456,104.825,101.245,101.02,..,..
Brazil,BRA,"Mortality rate, under-5 (per 1,000 live births)",SH.DYN.MORT,16.8,15.4,15.2,15,14.9,14.7,14.6,14.4,..,..
Brazil,BRA,Net barter terms of trade index (2015 = 100),TT.PRI.MRCH.XD.WD,102.4,108.2,106.9,107,107.7,123.2,114.5,117.2,..,..
Brazil,BRA,Net migration,SM.POP.NETM,-92989,-156296,-230334,-129216,-78437,-208581,-253639,-240059,-225510,-217283
Brazil,BRA,Net official development assistance and official aid received (current US$),DT.ODA.ALLD.CD,674627136.230469,273873596.191406,444970092.773438,273563262.939453,613681701.660156,1115631103.51563,578414184.570313,699971862.792969,..,..
Brazil,BRA,"Personal remittances, received (current US$)",BX.TRF.PWKR.CD.DT,2739786526.59,2698770651.24,2933489276.49,3213621676.71,3566219438.48,4102018147.7,4973758734.57,4433700953.4,4902400448.25,..
Brazil,BRA,Population density (people per sq. km of land area),EN.POP.DNST,24.3137963709629,24.4915070817191,24.659465024515,24.8207686159839,24.9649852718428,25.0714027283582,25.161867951482,25.2616884857157,..,..
Brazil,BRA,Population growth (annual %),SP.POP.GROW,0.761972670496742,0.72824666001736,0.683439571425594,0.651994346081362,0.579350709708032,0.425360907216456,0.360180890872169,0.395928695574996,0.405467027627251,..
Brazil,BRA,"Population, total",SP.POP.TOTL,203218114,204703445,206107261,207455459,208660842,209550294,210306415,211140729,211998573,..
Brazil,BRA,Poverty headcount ratio at $3.00 a day (2021 PPP) (% of population),SI.POV.DDAY,6.5,6.9,6.9,7,2.8,7.5,4.9,3.8,..,..
Brazil,BRA,Poverty headcount ratio at national poverty lines (% of population),SI.POV.NAHC,..,..,..,..,..,..,..,..,..,..
Brazil,BRA,"Prevalence of HIV, total (% of population ages 15-49)",SH.DYN.AIDS.ZS,0.6,0.6,0.6,0.6,0.7,0.7,0.7,0.7,0.7,..
Brazil,BRA,"Prevalence of underweight, weight for age (% of children under 5)",SH.STA.MALN.ZS,..,..,..,3.5,..,..,..,..,..,..
Brazil,BRA,"Primary completion rate, total (% of relevant age group)",SE.PRM.CMPT.ZS,..,..,..,..,..,..,..,..,..,..
Brazil,BRA,"Revenue, excluding grants (% of GDP)",GC.REV.XGRT.GD.ZS,26.1732253878481,24.3609920845082,25.2724385276075,25.5600401251614,22.1948673410326,24.6358299173079,26.9365134587428,25.3707484857691,26.4469343537929,..
Brazil,BRA,"School enrollment, primary (% gross)",SE.PRM.ENRR,108.757843017578,109.80850982666,108.623291015625,107.40747833252,105.498199462891,103.4716796875,103.970321655273,..,..,..
Brazil,BRA,"School enrollment, primary and secondary (gross), gender parity index (GPI)",SE.ENR.PRSC.FM.ZS,1.00854003429413,1.00513005256653,1.00668001174927,1.00990998744965,1.00648999214172,..,..,..,..,..
Brazil,BRA,"School enrollment, secondary (% gross)",SE.SEC.ENRR,102.56950378418,103.015960693359,105.00707244873,103.953277587891,104.125999450684,106.651893615723,106.031188964844,..,..,..
Brazil,BRA,Surface area (sq. km),AG.SRF.TOTL.K2,8515770,8515770,8515770,8515770,8515770,8515770,8510420,8510420,..,..
Brazil,BRA,Tax revenue (% of GDP),GC.TAX.TOTL.GD.ZS,13.710430980954,13.6052285153591,13.9401079934694,13.737694839557,12.7193878562394,14.136675133405,14.725847914016,14.0418624162203,15.4102340842559,..
Brazil,BRA,Terrestrial and marine protected areas (% of total territorial area),ER.PTD.TOTL.ZS,20.7,20.7,28.6,29.2,29.2,29.3,29.3,29.5,29.4,..
Brazil,BRA,"Total debt service (% of exports of goods, services and primary income)",DT.TDS.DECT.EX.ZS,51.0549755813973,34.7679526864763,33.3094436850684,53.4702774123798,50.3521091588437,46.7278546984627,29.9040449782556,53.5434238618458,26.7439339145718,..
Brazil,BRA,Urban population growth (annual %),SP.URB.GROW,1.05925972214881,1.01821425229253,0.965855875269478,0.926629993198714,0.845977299612384,0.683749836538948,0.604875020599164,0.700463125537351,0.724401697459186,..
China,CHN,"Adolescent fertility rate (births per 1,000 women ages 15-19)",SP.ADO.TFRT,10.747,10.236,8.691,8.277,6.737,5.996,5.463,5.227,..,..
China,CHN,"Agriculture, forestry, and fishing, value added (% of GDP)",NV.AGR.TOTL.ZS,7.90065017505416,7.32839239286042,6.91714289236836,7.00621575788341,7.54018198521241,7.08935251618004,7.14788692830171,6.88951941080068,6.77599881291286,..
China,CHN,"Annual freshwater withdrawals, total (% of internal resources)",ER.H2O.FWTL.ZS,21.4732126986384,21.1959188026592,21.0782466493654,21.0341640300046,20.2097479469587,20.2097479469587,20.2097479469587,..,..,..
China,CHN,Births attended by skilled health staff (% of total),SH.STA.BRTC.ZS,99.9,..,..,..,..,..,..,..,..,..
China,CHN,"Contraceptive prevalence, any method (% of married women ages 15-49)",SP.DYN.CONU.ZS,..,84.5,..,..,..,..,..,..,..,..
China,CHN,Domestic credit provided by financial sector (% of GDP),FS.AST.DOMS.GD.ZS,..,..,..,..,..,..,..,..,..,..
China,CHN,Electric power consumption (kWh per capita),EG.USE.ELEC.KH.PC,4237.54530584599,4571.04242541442,4842.2067923237,5082.38779040238,5261.94103890582,5847.80226004701,6112.13553560996,6523.71926193193,..,..
China,CHN,Energy use (kg of oil equivalent per capita),EG.USE.PCAP.KG.OE,2149.2047500244,2215.91139022057,2310.87757050979,2397.96868908473,2465.96954605987,2623.79959356116,2676.48200976111,2850.94152906511,..,..
China,CHN,Exports of goods and services (% of GDP),NE.EXP.GNFS.ZS,19.2036507365412,19.3356301657728,18.770519802938,18.0557069597496,18.2035821684822,19.5262422245091,20.2977316914005,19.102471716101,20.0229166362049,..
China,CHN,"External debt stocks, total (DOD, current US$)",DT.DOD.DECT.CD,1413904270462.7,1710819944231.6,1961562462976.8,2114161989828.3,2326232537961.7,2724353650084.8,2530502272052.6,2447537483872.8,2419835436491.8,..
China,CHN,"Fertility rate, total (births per woman)",SP.DYN.TFRT.IN,1.772,1.795,1.539,1.496,1.236,1.117,1.034,0.999,..,..
China,CHN,"Foreign direct investment, net inflows (BoP, current US$)",BX.KLT.DINV.CD.WD,174749584584.05,166083755721.648,235365050036.341,187169822364.755,253095616058.58,344074977062.48,190203789092.51,51338076801.59,18556141172.84,..
China,CHN,Forest area (sq. km),AG.LND.FRST.K2,2124600,2143390,2162190,2180990,2199780,2218580,2237370,2256168.9,..,..
China,CHN,GDP (current US$),NY.GDP.MKTP.CD,11456024084962,12537559062282.9,14147765772963.8,14560167101283.4,14996414166715.1,18201698719564,18316765021690.2,18270356654533.2,18743803170827.2,..
China,CHN,GDP growth (annual %),NY.GDP.MKTP.KD.ZG,6.77555562837017,6.8912663621211,6.75671800166833,6.06850235053705,2.34018843078414,8.57008513166322,3.1341888719577,5.41484330099675,4.9773565917572,..
China,CHN,"GNI per capita, Atlas method (current US$)",NY.GNP.PCAP.CD,8360,8830,9720,10510,10740,12220,13170,13750,13660,..
China,CHN,"GNI per capita, PPP (current international $)",NY.GNP.PCAP.PP.CD,14090,15000,16230,17550,18120,20700,22840,24990,26920,..
China,CHN,"GNI, Atlas method (current US$)",NY.GNP.ATLS.CD,11604134912471.2,12332590581343.7,13636874565685.7,14797204989129.2,15153114476656.1,17253947261998.4,18595279821527.8,19392367650326.3,19253311945258.2,..
China,CHN,"GNI, PPP (current international $)",NY.GNP.MKTP.PP.CD,19551764868088.8,20947567340458.7,22763849926082.5,24709480590705.4,25575086905083.5,29237453096281.7,32253389995977.8,35259774523995.8,37927697690815.3,..
China,CHN,Gross capital formation (% of GDP),NE.GDI.TOTL.ZS,42.1386166189127,42.5497375507577,43.313827489682,42.6695374085222,42.5723735094229,42.6822612949312,42.3554333470499,41.1297102455381,40.6111616668625,..
China,CHN,High-technology exports (% of manufactured exports),TX.VAL.TECH.MF.ZS,30.2545232296357,30.9118639785891,31.5481478595353,30.8186302968419,31.2766154241293,30.2190732796596,27.7650612563156,26.5682136542881,26.2777380479223,..
China,CHN,"Immunization, measles (% of children ages 12-23 months)",SH.IMM.MEAS,99,99,99,99,99,99,99,95,95,..
China,CHN,Imports of goods and services (% of GDP),NE.IMP.GNFS.ZS,16.9735199564368,17.6152224500872,18.1238645885338,17.1437133141341,15.8353686179759,16.9944489517585,17.1429881849654,17.0027206530128,17.1755035026016,..
China,CHN,Income share held by lowest 20%,SI.DST.FRST.20,6.5,6.4,6.5,6.7,7.2,7.4,7.3,..,..,..
China,CHN,"Industry (including construction), value added (% of GDP)",NV.IND.TOTL.ZS,38.811156093921,39.129944350895,38.9777001747097,37.7642333162735,36.9115624066306,38.0924722040717,37.8945266620066,36.7725030223561,36.4756594453045,..
China,CHN,"Inflation, GDP deflator (annual %)",NY.GDP.DEFL.KD.ZG,1.47744121334065,4.14602237470578,3.46789777292169,1.31550650702985,0.53000081660457,4.47386132078888,1.93427407840763,-0.50570453916356,-0.707200009795585,..
China,CHN,"Life expectancy at birth, total (years)",SP.DYN.LE00.IN,77.214,77.235,77.709,77.94,78.019,78.117,78.202,77.953,..,..
China,CHN,Merchandise trade (% of GDP),TG.VAL.TOTL.GD.ZS,32.1713447236719,32.7586731962493,32.6726005659031,31.4408685570406,31.0468619247254,32.9388706646147,34.1268831728628,32.4897051121724,32.8725442955454,..
China,CHN,Military expenditure (% of GDP),MS.MIL.XPND.GD.ZS,1.7688865902507,1.71124264388853,1.67357820944542,1.68291101151296,1.75669947098837,1.60525971842503,1.63053389156959,1.66484889659813,1.71129740345228,..
China,CHN,Mobile cellular subscriptions (per 100 people),IT.CEL.SETS.P2,97.2139,104.073,116.229,122.67,120.497,121.492,124.195,128.247,..,..
China,CHN,"Mortality rate, under-5 (per 1,000 live births)",SH.DYN.MORT,9.9,9.2,8.6,8,7.5,7,6.6,6.2,..,..
China,CHN,Net barter terms of trade index (2015 = 100),TT.PRI.MRCH.XD.WD,99.8,94.3,91.5,92.7,98.5,89.2,89.5,90.2,..,..
China,CHN,Net migration,SM.POP.NETM,-153056,-94625,-198206,-656091,-91577,-379749,-293846,-567724,-318992,-268126
China,CHN,Net official development assistance and official aid received (current US$),DT.ODA.ALLD.CD,-791432739.257813,-989944335.9375,-705271057.128906,-607008422.851563,-570617065.429688,-561917724.609375,-280478118.896484,-267158996.582031,..,..
China,CHN,"Personal remittances, received (current US$)",BX.TRF.PWKR.CD.DT,26883278893.8,28675983092.3,24305605210.61,18294313104.25,18876250770.21,22479899032.72,26093633202.03,29484299914.89,31410598200.12,..
China,CHN,Population density (people per sq. km of land area),EN.POP.DNST,147.822641376791,148.720043543977,149.417194545073,149.948179684945,150.305542803154,150.439753691066,150.42004812419,150.264001337848,..,..
China,CHN,Population growth (annual %),SP.POP.GROW,0.573050906069647,0.605245013482969,0.467672053461959,0.354740890170827,0.238040870229883,0.0892522000412526,-0.0130995013525784,-0.103794531589067,-0.123063407363995,..
China,CHN,"Population, total",SP.POP.TOTL,1387790000,1396215000,1402760000,1407745000,1411100000,1412360000,1412175000,1410710000,1408975000,..
China,CHN,Poverty headcount ratio at $3.00 a day (2021 PPP) (% of population),SI.POV.DDAY,2.2,1.7,0.8,0,0,0,0,..,..,..
China,CHN,Poverty headcount ratio at national poverty lines (% of population),SI.POV.NAHC,4.5,3.1,1.7,0.6,0,..,..,..,..,..
China,CHN,"Prevalence of HIV, total (% of population ages 15-49)",SH.DYN.AIDS.ZS,..,..,..,..,..,..,..,..,..,..
China,CHN,"Prevalence of underweight, weight for age (% of children under 5)",SH.STA.MALN.ZS,..,..,..,..,..,..,..,..,..,..
China,CHN,"Primary completion rate, total (% of relevant age group)",SE.PRM.CMPT.ZS,..,..,..,..,..,..,..,..,..,..
China,CHN,"Revenue, excluding grants (% of GDP)",GC.REV.XGRT.GD.ZS,15.3260734925308,15.5955119226503,16.240355440609,15.7907279889576,13.7961540297522,14.6241117527941,14.6559605630141,15.0661250338704,..,..
China,CHN,"School enrollment, primary (% gross)",SE.PRM.ENRR,96.8787921899343,97.5379880463436,97.8103054615567,97.8174906065295,98.7860625918346,99.2294555866603,100.09807464465,99.1718634239571,99.644962886981,..
China,CHN,"School enrollment, primary and secondary (gross), gender parity index (GPI)",SE.ENR.PRSC.FM.ZS,1.01013994216919,1.01321995258331,1.01431000232697,1.01529002189636,1.01286995410919,1.01161003112793,..,..,..,..
China,CHN,"School enrollment, secondary (% gross)",SE.SEC.ENRR,..,..,..,..,..,..,..,..,..,..
China,CHN,Surface area (sq. km),AG.SRF.TOTL.K2,9562910,9562910,9562910,9562910,9562910,9562910,9562910,9562910,..,..
China,CHN,Tax revenue (% of GDP),GC.TAX.TOTL.GD.ZS,8.94556190479944,9.24872439365958,8.89089034402513,8.32942550168391,7.92409749807608,7.79829641266187,7.51799464421188,7.6382330077989,..,..
China,CHN,Terrestrial and marine protected areas (% of total territorial area),ER.PTD.TOTL.ZS,15.9,16,14.7,14.7,14.7,14.7,14.7,14.7,14.7,..
China,CHN,"Total debt service (% of exports of goods, services and primary income)",DT.TDS.DECT.EX.ZS,6.91875543607767,7.58735986967657,8.25271896595969,9.49516872239568,9.19478034214525,8.68754451581172,11.3335740725489,11.8307203396454,8.59286077464029,..
China,CHN,Urban population growth (annual %),SP.URB.GROW,3.17308241612449,2.95728932457474,2.5376076856921,2.30265796342305,1.52695413125789,1.95707313202645,0.751201671519741,0.374239259681571,0.431708792065523,..
France,FRA,"Adolescent fertility rate (births per 1,000 women ages 15-19)",SP.ADO.TFRT,7.557,7.122,6.397,6.127,5.616,4.94,3.979,3.507,..,..
France,FRA,"Agriculture, forestry, and fishing, value added (% of GDP)",NV.AGR.TOTL.ZS,1.33798472564444,1.43496006533197,1.53110170543578,1.40828485472535,1.4604342657704,1.46334541457898,1.72017137018833,1.48475796304424,1.29979455802577,..
France,FRA,"Annual freshwater withdrawals, total (% of internal resources)",ER.H2O.FWTL.ZS,13.218,13.473,13.461462155,13.106043065,12.33577599,12.2138298,12.2138298,..,..,..
France,FRA,Births attended by skilled health staff (% of total),SH.STA.BRTC.ZS,97.4,98,98.1,97.6,98.2,..,..,..,..,..
France,FRA,"Contraceptive prevalence, any method (% of married women ages 15-49)",SP.DYN.CONU.ZS,..,..,..,..,..,..,..,..,..,..
France,FRA,Domestic credit provided by financial sector (% of GDP),FS.AST.DOMS.GD.ZS,..,..,..,..,..,..,..,..,..,..
France,FRA,Electric power consumption (kWh per capita),EG.USE.ELEC.KH.PC,7276.87553511397,7229.03935292766,7156.81690085647,7059.07466974036,6685.6150734803,6950.69961060428,6649.38931756837,6415.02611160317,..,..
France,FRA,Energy use (kg of oil equivalent per capita),EG.USE.PCAP.KG.OE,3718.17053401513,3705.41111644137,3669.37065950443,3605.53190025511,3228.48915727036,3469.83398574773,3100.1897815932,3136.12237461475,..,..
France,FRA,Exports of goods and services (% of GDP),NE.EXP.GNFS.ZS,31.498210070063,32.311834044929,32.9179818922164,32.8895593910847,28.5572228192655,31.2880499332105,36.6160484268785,34.4562568778842,33.8897542343832,..
France,FRA,"External debt stocks, total (DOD, current US$)",DT.DOD.DECT.CD,..,..,..,..,..,..,..,..,..,..
France,FRA,"Fertility rate, total (births per woman)",SP.DYN.TFRT.IN,1.92,1.89,1.87,1.86,1.83,1.84,1.79,1.66,..,..
France,FRA,"Foreign direct investment, net inflows (BoP, current US$)",BX.KLT.DINV.CD.WD,35623357280.0881,43733253503.8812,77493098693.2377,53499337503.7413,19368829836.4654,98012545019.163,112295479269.655,18051596853.4685,52052548617.7634,..
France,FRA,Forest area (sq. km),AG.LND.FRST.K2,169194,170028,170862,171696,172530,173364,174198,175032,..,..
France,FRA,GDP (current US$),NY.GDP.MKTP.CD,2470407619777.13,2588868323334.71,2781576320884.39,2722793515171.76,2647926055110.05,2966433692008.09,2794788137066.94,3056250648138.29,3160442622465.08,..
France,FRA,GDP growth (annual %),NY.GDP.MKTP.KD.ZG,0.860031075424033,2.08361485997399,1.64590872395887,2.02744646419237,-7.44064589948231,6.88233783360239,2.71676264185913,1.43921494437743,1.19046798275883,..
France,FRA,"GNI per capita, Atlas method (current US$)",NY.GNP.PCAP.CD,39020,38120,40960,42720,39690,44300,46010,45770,45160,..
France,FRA,"GNI per capita, PPP (current international $)",NY.GNP.PCAP.PP.CD,43750,45370,47430,52660,50480,54160,58630,61980,63880,..
France,FRA,"GNI, Atlas method (current US$)",NY.GNP.ATLS.CD,2603823276261.62,2551002342698.61,2751033040382.7,2878835252263.54,2683183288339.89,3005629537434.2,3136847668204.39,3129356172373.16,3096054838870.8,..
France,FRA,"GNI, PPP (current international $)",NY.GNP.MKTP.PP.CD,2918879960617.61,3036125535476.15,3185264611209.71,3548150304410.77,3412349289807.98,3674360638970.36,3997944865385.83,4237453354634.46,4379073381441.76,..
France,FRA,Gross capital formation (% of GDP),NE.GDI.TOTL.ZS,21.5978606152326,22.1813991959176,22.6115738942638,23.0250733613606,22.8044182138435,23.4474845782806,24.0233523984125,22.9278749312543,21.5139121721262,..
France,FRA,High-technology exports (% of manufactured exports),TX.VAL.TECH.MF.ZS,27.9331801598168,26.0180218998669,25.9347849255776,26.9265976407414,23.2288357249977,21.9247132369801,22.9831834447063,23.6797082010726,23.1371073769038,..
France,FRA,"Immunization, measles (% of children ages 12-23 months)",SH.IMM.MEAS,90,90,91,92,94,94,95,95,95,..
France,FRA,Imports of goods and services (% of GDP),NE.IMP.GNFS.ZS,31.8445463682721,33.0840141110421,33.8842788890102,33.5394177830602,30.2816679047993,32.5004326976615,39.3469593713211,36.1698881831383,34.2184333099912,..
France,FRA,Income share held by lowest 20%,SI.DST.FRST.20,8,8.1,8,7.8,8,7.7,7.8,7.7,..,..
France,FRA,"Industry (including construction), value added (% of GDP)",NV.IND.TOTL.ZS,16.9433572396904,16.7483032647876,16.725283255726,16.907003960354,16.272651205236,16.0877289574672,15.769153788105,18.1109847493837,17.2101481972036,..
France,FRA,"Inflation, GDP deflator (annual %)",NY.GDP.DEFL.KD.ZG,0.517258232209031,0.586343157961707,1.11459331332806,1.21052308336793,2.97797868174696,1.22181614073425,3.01818420778099,4.99026368272813,2.08759965215148,..
France,FRA,"Life expectancy at birth, total (years)",SP.DYN.LE00.IN,82.5731707317073,82.5756097560976,82.6756097560976,82.8268292682927,82.1756097560976,82.3243902439024,82.1292682926829,82.9292682926829,..,..
France,FRA,Merchandise trade (% of GDP),TG.VAL.TOTL.GD.ZS,43.2655725088974,44.5998736047233,45.2499897468143,45.012924893891,40.4064908812393,43.827138408744,51.6560443653201,47.0936178247274,43.9631775031648,..
France,FRA,Military expenditure (% of GDP),MS.MIL.XPND.GD.ZS,1.85171809616119,1.8523088187904,1.84604257144589,1.85288520696513,2.02167455284232,1.98022225807935,1.95772067476703,1.95099683800051,2.05257687860637,..
France,FRA,Mobile cellular subscriptions (per 100 people),IT.CEL.SETS.P2,103.817,105.718,107.482,109.601,110.387,113.953,115.951,116.688,..,..
France,FRA,"Mortality rate, under-5 (per 1,000 live births)",SH.DYN.MORT,4.2,4.2,4.2,4.2,4.2,4.3,4.3,4.3,..,..
France,FRA,Net barter terms of trade index (2015 = 100),TT.PRI.MRCH.XD.WD,99.5,97.6,96.6,97.1,98.4,97.7,94.8,96.5,..,..
France,FRA,Net migration,SM.POP.NETM,15548,102984,132925,71972,145593,131465,179377,91862,90527,91737
France,FRA,Net official development assistance and official aid received (current US$),DT.ODA.ALLD.CD,..,..,..,..,..,..,..,..,..,..
France,FRA,"Personal remittances, received (current US$)",BX.TRF.PWKR.CD.DT,25592759188.2071,26805186001.349,28387547436.0504,28763750644.1879,29983731184.6851,32646501628.4632,32713597628.0034,36700644624.7257,38775361344.0285,..
France,FRA,Population density (people per sq. km of land area),EN.POP.DNST,123.803885332591,124.163688653864,124.609607570276,125.024698023935,125.431134613601,125.879601076167,126.513511457464,126.862020595603,..,..
France,FRA,Population growth (annual %),SP.POP.GROW,0.263868788565368,0.29020211635109,0.358494581816163,0.332559129027963,0.324557781035362,0.356902332389048,0.502320929337976,0.275093143443794,0.261995241898747,..
France,FRA,"Population, total",SP.POP.TOTL,66724104,66918020,67158348,67382061,67601110,67842811,68184457,68372286,68551653,..
France,FRA,Poverty headcount ratio at $3.00 a day (2021 PPP) (% of population),SI.POV.DDAY,0.1,0,0,0.1,0.1,0.1,0.1,0.1,..,..
France,FRA,Poverty headcount ratio at national poverty lines (% of population),SI.POV.NAHC,..,..,..,13.8,..,15.6,..,..,..,..
France,FRA,"Prevalence of HIV, total (% of population ages 15-49)",SH.DYN.AIDS.ZS,0.3,0.3,0.3,0.3,0.3,0.3,0.3,0.3,..,..
France,FRA,"Prevalence of underweight, weight for age (% of children under 5)",SH.STA.MALN.ZS,..,..,..,..,..,..,..,..,..,..
France,FRA,"Primary completion rate, total (% of relevant age group)",SE.PRM.CMPT.ZS,..,..,..,..,..,..,..,..,..,..
France,FRA,"Revenue, excluding grants (% of GDP)",GC.REV.XGRT.GD.ZS,44.4509842015877,45.0848754876607,44.7259377621146,43.6550132168038,43.3219907101665,43.504848267154,44.2789917035331,42.2138610029253,..,..
France,FRA,"School enrollment, primary (% gross)",SE.PRM.ENRR,102.260429382324,102.417221069336,102.464408874512,102.447647094727,102.651626586914,102.580406188965,102.709487915039,103.265121459961,..,..
France,FRA,"School enrollment, primary and secondary (gross), gender parity index (GPI)",SE.ENR.PRSC.FM.ZS,1.00250005722046,1.00194001197815,1.00080001354218,0.998740017414093,0.997049987316132,..,..,..,..,..
France,FRA,"School enrollment, secondary (% gross)",SE.SEC.ENRR,103.308097839355,103.756080627441,103.773330688477,104.07689666748,104.566566467285,104.522842407227,104.316436767578,103.962417602539,..,..
France,FRA,Surface area (sq. km),AG.SRF.TOTL.K2,549087,549087,549087,549087,606410,606410,606410,606410,..,..
France,FRA,Tax revenue (% of GDP),GC.TAX.TOTL.GD.ZS,23.1463283405753,23.7863349624871,24.3098642807809,24.6605263993177,24.7888064416138,23.9794445386059,24.5475390855725,23.0769652594876,..,..
France,FRA,Terrestrial and marine protected areas (% of total territorial area),ER.PTD.TOTL.ZS,25.9,27.8,33.2,35,36.2,36.4,36.6,36.6,36.8,..
France,FRA,"Total debt service (% of exports of goods, services and primary income)",DT.TDS.DECT.EX.ZS,..,..,..,..,..,..,..,..,..,..
France,FRA,Urban population growth (annual %),SP.URB.GROW,1.3368064229986,0.349813019619046,0.389849816707503,0.354972490012461,0.353572181852013,0.388083616553456,0.531186532435236,0.302058020324431,0.28679881642264,..
Germany,DEU,"Adolescent fertility rate (births per 1,000 women ages 15-19)",SP.ADO.TFRT,9.23,8.317,7.665,7.126,6.544,6.241,5.577,5.473,..,..
Germany,DEU,"Agriculture, forestry, and fishing, value added (% of GDP)",NV.AGR.TOTL.ZS,0.730531013610999,0.860007620510574,0.742451289010288,0.833126017731138,0.728659526127881,0.753895620719434,0.994638278032481,0.929156663056282,0.914397651173374,..
Germany,DEU,"Annual freshwater withdrawals, total (% of internal resources)",ER.H2O.FWTL.ZS,22.8439252336449,25.9330878504673,25.159938317757,24.1052046728972,24.1052046728972,24.1052046728972,24.1052046728972,..,..,..
Germany,DEU,Births attended by skilled health staff (% of total),SH.STA.BRTC.ZS,96.2,97.1,96.2,96.2,..,..,..,..,..,..
Germany,DEU,"Contraceptive prevalence, any method (% of married women ages 15-49)",SP.DYN.CONU.ZS,..,..,..,..,..,..,..,..,..,..
Germany,DEU,Domestic credit provided by financial sector (% of GDP),FS.AST.DOMS.GD.ZS,..,..,..,..,..,..,..,..,..,..
Germany,DEU,Electric power consumption (kWh per capita),EG.USE.ELEC.KH.PC,6972.36527283762,6947.26382648139,6815.82136213371,6580.29256436905,6367.10502947955,6582.54587433797,6316.27571164921,5947.27119952649,..,..
Germany,DEU,Energy use (kg of oil equivalent per capita),EG.USE.PCAP.KG.OE,3765.21799936242,3763.19404182465,3659.22924485198,3570.88159282488,3349.19931383762,3467.03057027911,3261.8564081995,2928.19658713867,..,..
Germany,DEU,Exports of goods and services (% of GDP),NE.EXP.GNFS.ZS,41.6355419518592,42.2029575981591,42.4968914074717,42.3402444816356,39.1198068808828,42.5198379291429,45.6284043425185,42.9672624196847,41.4340593720908,..
Germany,DEU,"External debt stocks, total (DOD, current US$)",DT.DOD.DECT.CD,..,..,..,..,..,..,..,..,..,..
Germany,DEU,"Fertility rate, total (births per woman)",SP.DYN.TFRT.IN,1.6,1.57,1.57,1.54,1.53,1.58,1.455,1.39,..,..
Germany,DEU,"Foreign direct investment, net inflows (BoP, current US$)",BX.KLT.DINV.CD.WD,58132711370.7803,108786501529.106,162250938125.842,75463438450.8916,176781024357.228,127609826748.268,87215414562.4594,77438957875.1405,47599143488.7827,..
Germany,DEU,Forest area (sq. km),AG.LND.FRST.K2,114190,114190,114190,114190,114190,114190,114190,114190,..,..
Germany,DEU,GDP (current US$),NY.GDP.MKTP.CD,3536787895179,3765351626105.89,4055433215301.96,3959894794039.21,3941398957073.94,4355251953410.78,4201021706478.62,4562207532490.28,4685592577804.69,..
Germany,DEU,GDP growth (annual %),NY.GDP.MKTP.KD.ZG,2.22222216259371,2.797906720551,1.13569604599849,0.977734697038784,-4.13191443239947,3.90999994204108,1.8092581243061,-0.869647578573321,-0.495851897260366,..
Germany,DEU,"GNI per capita, Atlas method (current US$)",NY.GNP.PCAP.CD,45340,44730,48770,50350,48540,52850,55200,55420,55090,..
Germany,DEU,"GNI per capita, PPP (current international $)",NY.GNP.PCAP.PP.CD,53040,55480,58480,61460,60170,64640,71550,74200,76180,..
Germany,DEU,"GNI, Atlas method (current US$)",NY.GNP.ATLS.CD,3734059829677.44,3697432080419.44,4043585502226.57,4183690288598.18,4036302293319.67,4397066115769.06,4591309344658.36,4615640863991.32,4601090967362.16,..
Germany,DEU,"GNI, PPP (current international $)",NY.GNP.MKTP.PP.CD,4368046845103.96,4585925027826.9,4848591606748.54,5106979498289.78,5003710903236.39,5378190370130.31,5951499296217.59,6179576751576.91,6362158313619.51,..
Germany,DEU,Gross capital formation (% of GDP),NE.GDI.TOTL.ZS,19.7122567843741,20.6909762954118,21.6503641494105,21.381259046499,21.7290304632077,22.6730557200041,23.2760146288029,21.994283425489,21.4994328905028,..
Germany,DEU,High-technology exports (% of manufactured exports),TX.VAL.TECH.MF.ZS,18.0827014214761,15.850578794452,15.7474335584013,16.3869405629417,15.5031959869375,15.3851048227765,17.4981505573659,17.7818374796623,17.9772990379432,..
Germany,DEU,"Immunization, measles (% of children ages 12-23 months)",SH.IMM.MEAS,97,97,97,97,97,98,96,96,96,..
Germany,DEU,Imports of goods and services (% of GDP),NE.IMP.GNFS.ZS,34.3704482647463,35.2518818760857,36.6283346388937,36.7329982359327,33.8137258311309,37.3996969318423,43.1573498705316,38.9952859590786,37.6566712174028,..
Germany,DEU,Income share held by lowest 20%,SI.DST.FRST.20,8,8,8,7.9,7.8,..,..,..,..,..
Germany,DEU,"Industry (including construction), value added (% of GDP)",NV.IND.TOTL.ZS,26.1732405694774,25.9754703565139,25.8506477811784,25.5415743169893,25.2353421894561,25.1570468778005,25.560348825259,26.7958505063624,25.6229541900267,..
Germany,DEU,"Inflation, GDP deflator (annual %)",NY.GDP.DEFL.KD.ZG,1.25424485239203,1.47661425586129,1.87085953898291,2.00929122727773,1.75745290166456,2.69677840082888,6.41315910830296,6.6911238945853,3.1102774214087,..
Germany,DEU,"Life expectancy at birth, total (years)",SP.DYN.LE00.IN,80.990243902439,80.9926829268293,80.8926829268293,81.2926829268293,81.0414634146342,80.790243902439,80.6080487804878,80.5414634146342,..,..
Germany,DEU,Merchandise trade (% of GDP),TG.VAL.TOTL.GD.ZS,67.5664210244945,69.3453961084741,70.1501380731818,68.7743018854817,64.8073191224544,69.7735523112544,77.6023364738259,69.4811881622081,66.2339063515856,..
Germany,DEU,Military expenditure (% of GDP),MS.MIL.XPND.GD.ZS,1.12912506140277,1.13126090102098,1.14814145777047,1.24014846331417,1.35598993512329,1.29982374349238,1.35030514561756,1.48796332620564,1.89190377205494,..
Germany,DEU,Mobile cellular subscriptions (per 100 people),IT.CEL.SETS.P2,125.024,132.003,128.946,128.292,128.425,127.125,124.158,124.663,..,..
Germany,DEU,"Mortality rate, under-5 (per 1,000 live births)",SH.DYN.MORT,3.9,3.8,3.8,3.7,3.7,3.7,3.7,3.7,..,..
Germany,DEU,Net barter terms of trade index (2015 = 100),TT.PRI.MRCH.XD.WD,102.2,100.2,99,100.4,101.4,98.7,96.2,101.6,..,..
Germany,DEU,Net migration,SM.POP.NETM,517480,452988,403908,319082,203468,310264,981552,609553,36954,-334072
Germany,DEU,Net official development assistance and official aid received (current US$),DT.ODA.ALLD.CD,..,..,..,..,..,..,..,..,..,..
Germany,DEU,"Personal remittances, received (current US$)",BX.TRF.PWKR.CD.DT,15259414671.0907,17208421214.4876,18653224755.0275,18338278468.7227,18819700392.0057,20256041836.0028,19596852188.5011,21021220990.231,21225006283.5321,..
Germany,DEU,Population density (people per sq. km of land area),EN.POP.DNST,235.712929356538,236.588722557747,237.294012250272,237.822954291766,238.017318755545,238.118085806692,238.086252003664,238.351810090719,..,..
Germany,DEU,Population growth (annual %),SP.POP.GROW,0.807218538573871,0.373724559895838,0.300526701992065,0.22551987421288,0.0816931586494595,0.0423270572552137,-0.0219565701848977,0.131511079477747,0.274957829184881,..
Germany,DEU,"Population, total",SP.POP.TOTL,82348669,82657002,82905782,83092962,83160871,83196078,83177813,83287273,83516593,..
Germany,DEU,Poverty headcount ratio at $3.00 a day (2021 PPP) (% of population),SI.POV.DDAY,0,0.2,0,0.2,0.2,..,..,..,..,..
Germany,DEU,Poverty headcount ratio at national poverty lines (% of population),SI.POV.NAHC,..,..,..,16.1,16,14.8,..,..,..,..
Germany,DEU,"Prevalence of HIV, total (% of population ages 15-49)",SH.DYN.AIDS.ZS,0.1,0.1,0.1,0.1,0.1,0.1,0.1,0.2,0.2,..
Germany,DEU,"Prevalence of underweight, weight for age (% of children under 5)",SH.STA.MALN.ZS,0.6,..,..,..,..,..,..,..,..,..
Germany,DEU,"Primary completion rate, total (% of relevant age group)",SE.PRM.CMPT.ZS,99.6975326538086,97.5730667114258,98.5883712768555,99.6325531005859,98.3834915161133,100.973701477051,97.7584228515625,99.2837371826172,..,..
Germany,DEU,"Revenue, excluding grants (% of GDP)",GC.REV.XGRT.GD.ZS,28.8217362865039,28.9820017941202,29.2858827674773,29.5495408901755,29.5059581768443,29.2205771330187,28.5009738330923,28.3338270949515,..,..
Germany,DEU,"School enrollment, primary (% gross)",SE.PRM.ENRR,101.406066894531,101.738708496094,102.645378112793,102.547470092773,101.996658325195,101.346549987793,100.218132019043,102.190689086914,..,..
Germany,DEU,"School enrollment, primary and secondary (gross), gender parity index (GPI)",SE.ENR.PRSC.FM.ZS,0.963729977607727,0.957650005817413,0.960990011692047,0.965369999408722,0.970099985599518,..,..,..,..,..
Germany,DEU,"School enrollment, secondary (% gross)",SE.SEC.ENRR,100.852310180664,101.095642089844,100.837303161621,101.152557373047,101.307800292969,101.203536987305,100.81729888916,100.603057861328,..,..
Germany,DEU,Surface area (sq. km),AG.SRF.TOTL.K2,357580,357580,357580,357580,357590,357590,357600,357680,..,..
Germany,DEU,Tax revenue (% of GDP),GC.TAX.TOTL.GD.ZS,11.8344647143693,11.9735022246491,11.9511477768103,11.9024787407273,11.1648293689433,11.4768326661851,11.204620255227,10.6356015557046,..,..
Germany,DEU,Terrestrial and marine protected areas (% of total territorial area),ER.PTD.TOTL.ZS,38.8,38.8,38.8,38.5,38.8,38.5,38.7,38.7,40.1,..
Germany,DEU,"Total debt service (% of exports of goods, services and primary income)",DT.TDS.DECT.EX.ZS,..,..,..,..,..,..,..,..,..,..
Germany,DEU,Urban population growth (annual %),SP.URB.GROW,0.977276415779668,0.558459225538694,0.495496093754333,0.426317421770722,0.283943245187797,0.241688772523701,0.166757466008231,0.274038735862279,0.418567796491835,..
India,IND,"Adolescent fertility rate (births per 1,000 women ages 15-19)",SP.ADO.TFRT,14.535,15.166,15.133,14.796,14.423,14.289,14.185,14.06,..,..
India,IND,"Agriculture, forestry, and fishing, value added (% of GDP)",NV.AGR.TOTL.ZS,16.3638005616331,16.5583314049368,16.031630686449,16.7555683032837,18.6685376603727,17.3725615260314,16.5461295925754,16.1931893571591,16.2854335605917,..
India,IND,"Annual freshwater withdrawals, total (% of internal resources)",ER.H2O.FWTL.ZS,44.7786998616874,44.7786998616874,44.7786998616874,44.7786998616874,44.7786998616874,44.7786998616874,44.7786998616874,..,..,..
India,IND,Births attended by skilled health staff (% of total),SH.STA.BRTC.ZS,81.4,..,..,..,..,89.4,..,..,..,..
India,IND,"Contraceptive prevalence, any method (% of married women ages 15-49)",SP.DYN.CONU.ZS,53.5,..,..,..,..,66.7,..,..,..,..
India,IND,Domestic credit provided by financial sector (% of GDP),FS.AST.DOMS.GD.ZS,..,..,..,..,..,..,..,..,..,..
India,IND,Electric power consumption (kWh per capita),EG.USE.ELEC.KH.PC,879.945696796945,918.313686962613,970.834176233242,988.272169542114,901.399579163301,963.363913685612,1085.33520920382,1181.63057248865,..,..
India,IND,Energy use (kg of oil equivalent per capita),EG.USE.PCAP.KG.OE,627.273531026365,648.014718317903,668.303370218852,666.977347524506,632.239828540427,676.814293488143,727.902200094024,754.179577921116,..,..
India,IND,Exports of goods and services (% of GDP),NE.EXP.GNFS.ZS,19.1582349105946,18.7917648392982,19.9278285988562,18.664264897257,18.6824769296756,21.3991583305515,23.2515412045298,21.4486977833541,21.1618460520863,..
India,IND,"External debt stocks, total (DOD, current US$)",DT.DOD.DECT.CD,455541896498.9,511575707373.6,521175685410,561017395481.3,564979321177.1,611987174447.7,615514904164.5,647556415555.5,716456023890.4,..
India,IND,"Fertility rate, total (births per woman)",SP.DYN.TFRT.IN,2.284,2.193,2.184,2.12,2.047,2.014,1.994,1.975,..,..
India,IND,"Foreign direct investment, net inflows (BoP, current US$)",BX.KLT.DINV.CD.WD,44458571545.798,39966091358.7384,42117450737.2644,50610647353.5911,64362364994.3754,44727277562.881,49940258404.2659,28086193530.3979,27139853378.1402,..
India,IND,Forest area (sq. km),AG.LND.FRST.K2,710940,713610,716270,718940,721600,724260,726930,729592,..,..
India,IND,GDP (current US$),NY.GDP.MKTP.CD,2294796885663.16,2651474262755.45,2702929641648.74,2835606256558.19,2674851578587.27,3167270623260.47,3346107287730.93,3638489096033.86,3909891533858.08,..
India,IND,GDP growth (annual %),NY.GDP.MKTP.KD.ZG,8.25630550179086,6.79538341897911,6.45385134497769,3.87143694070356,-5.77772470686801,9.68959249192875,7.60936497768895,9.19075493028345,6.49476552383821,..
India,IND,"GNI per capita, Atlas method (current US$)",NY.GNP.PCAP.CD,1670,1790,1970,2070,1900,2170,2390,2580,2650,..
India,IND,"GNI per capita, PPP (current international $)",NY.GNP.PCAP.PP.CD,5730,6080,6640,7080,6870,7960,9080,10180,11000,..
India,IND,"GNI, Atlas method (current US$)",NY.GNP.ATLS.CD,2246783906989.46,2439593980808.9,2713329693634.35,2878536458775.62,2661734078595.43,3064476293210.88,3404829101289.65,3704749866028.23,3837862837662.49,..
India,IND,"GNI, PPP (current international $)",NY.GNP.MKTP.PP.CD,7706181204018.37,8264361849009.08,9131972106245.93,9837436260445.05,9639773300094.61,11250341278206.9,12943322775945.1,14642775922544.5,15958215707486.7,..
India,IND,Gross capital formation (% of GDP),NE.GDI.TOTL.ZS,30.172690580036,30.9821728344733,32.3432182154485,30.0961975685688,28.9223840080659,32.1158221755014,33.6192585388984,33.3623103638844,32.9141372549127,..
India,IND,High-technology exports (% of manufactured exports),TX.VAL.TECH.MF.ZS,7.66325704378624,7.36208114076572,9.04145168835151,10.2237396907979,11.0325638466576,10.2125596625118,12.6822794807287,14.9343472986716,18.5723946411049,..
India,IND,"Immunization, measles (% of children ages 12-23 months)",SH.IMM.MEAS,88,90,93,95,89,89,95,93,97,..
India,IND,Imports of goods and services (% of GDP),NE.IMP.GNFS.ZS,20.9242508026814,21.9507321152243,23.6891407335327,21.2411386333872,19.0756283996012,24.0239304534931,26.8237289453584,23.544144504402,23.4874474548813,..
India,IND,Income share held by lowest 20%,SI.DST.FRST.20,..,..,..,..,..,..,10.4,..,..,..
India,IND,"Industry (including construction), value added (% of GDP)",NV.IND.TOTL.ZS,26.6189999399789,26.5000166464804,26.4120919013735,24.5914753075066,25.1229058078344,26.466523606501,25.3845195629461,25.302936496264,24.6285041297852,..
India,IND,"Inflation, GDP deflator (annual %)",NY.GDP.DEFL.KD.ZG,3.23797495080767,3.96925793352338,3.88424027196663,2.40551716106513,4.81485791893405,8.35490771481598,5.89714185891133,2.59194954513768,3.08227399218495,..
India,IND,"Life expectancy at birth, total (years)",SP.DYN.LE00.IN,69.709,70.068,70.415,70.746,70.156,67.282,71.698,72.003,..,..
India,IND,Merchandise trade (% of GDP),TG.VAL.TOTL.GD.ZS,27.287425911729,28.2546962843779,31.0493468667603,28.5793910253128,24.2859082425461,30.5789468347666,35.0812421437933,30.3831609995764,29.694506610887,..
India,IND,Military expenditure (% of GDP),MS.MIL.XPND.GD.ZS,2.54315152114541,2.53151136056791,2.42428452604417,2.5459982314359,2.80361581112679,2.46874153034185,2.38309809835882,2.35679426678262,2.2712033218142,..
India,IND,Mobile cellular subscriptions (per 100 people),IT.CEL.SETS.P2,83.9178,85.9704,85.5501,82.8981,82.254,81.604,80.1818,80.5632,..,..
India,IND,"Mortality rate, under-5 (per 1,000 live births)",SH.DYN.MORT,41.1,38.7,36.4,34.3,32.4,30.6,29.1,27.7,..,..
India,IND,Net barter terms of trade index (2015 = 100),TT.PRI.MRCH.XD.WD,105.1,100.4,95.6,97.9,103.1,91,81.4,87.5,..,..
India,IND,Net migration,SM.POP.NETM,81248,-251642,-589794,-978969,-73806,-348916,-1353478,-979179,-630830,-495753
India,IND,Net official development assistance and official aid received (current US$),DT.ODA.ALLD.CD,2679044677.73438,3198135253.90625,2461992431.64063,2551398681.64063,1795723022.46094,3136778564.45313,2818065917.96875,2376562011.71875,..,..
India,IND,"Personal remittances, received (current US$)",BX.TRF.PWKR.CD.DT,62744364089.9511,68967175499.8664,78790170928.6742,83332078002.3031,83149172934.1043,89375152217.5657,111221774722.087,119526055008.101,137674533895.686,..
India,IND,Population density (people per sq. km of land area),EN.POP.DNST,452.020992940243,457.30592394028,462.351569862673,467.185182245332,471.755150192218,475.652042419085,479.425536881262,483.679010086809,..,..
India,IND,Population growth (annual %),SP.POP.GROW,1.19162966402099,1.1623961434697,1.09729906702925,1.04001395098104,0.973438646910149,0.822648220128724,0.790200540609834,0.883289539766135,0.890706546985984,..
India,IND,"Population, total",SP.POP.TOTL,1343944296,1359657400,1374659064,1389030312,1402617695,1414203896,1425423212,1438069596,1450935791,..
India,IND,Poverty headcount ratio at $3.00 a day (2021 PPP) (% of population),SI.POV.DDAY,..,..,..,..,..,..,5.3,..,..,..
India,IND,Poverty headcount ratio at national poverty lines (% of population),SI.POV.NAHC,..,..,..,..,..,..,..,..,..,..
India,IND,"Prevalence of HIV, total (% of population ages 15-49)",SH.DYN.AIDS.ZS,..,..,..,..,..,..,..,..,0.2,..
India,IND,"Prevalence of underweight, weight for age (% of children under 5)",SH.STA.MALN.ZS,..,33.8,..,..,31.5,..,..,..,..,..
India,IND,"Primary completion rate, total (% of relevant age group)",SE.PRM.CMPT.ZS,100.438433478885,99.3664068149006,..,96.2056732177734,98.1474685668945,99.4108131128034,..,93.8187311671038,94.4876304742988,..
India,IND,"Revenue, excluding grants (% of GDP)",GC.REV.XGRT.GD.ZS,12.8510169890546,12.7267619005257,13.1885329486481,..,..,..,9.11011784382656,..,..,..
India,IND,"School enrollment, primary (% gross)",SE.PRM.ENRR,119.987350463867,118.321411132812,101.438321198289,99.9135279872897,102.041421630559,103.202010704334,112.073964742492,113.164575709104,120.520368565055,..
India,IND,"School enrollment, primary and secondary (gross), gender parity index (GPI)",SE.ENR.PRSC.FM.ZS,1.03045177459717,1.08402001857758,1.01533448696136,1.01977431774139,1.00732743740082,0.991640269756317,..,..,..,..
India,IND,"School enrollment, secondary (% gross)",SE.SEC.ENRR,75.9372863769531,74.6743774414062,76.0025787353516,75.8716506958008,77.9766433254166,80.8355715539317,81.6558464317379,79.3250397483992,78.1058073224606,..
India,IND,Surface area (sq. km),AG.SRF.TOTL.K2,3287260,3287260,3287260,3287260,3287260,3287260,3287260,3287260,..,..
India,IND,Tax revenue (% of GDP),GC.TAX.TOTL.GD.ZS,11.1477384183764,11.3874439798131,12.0174277483166,..,..,..,6.73444285965496,..,..,..
India,IND,Terrestrial and marine protected areas (% of total territorial area),ER.PTD.TOTL.ZS,3.5,3.5,3.5,3.5,3.5,4.4,4.4,4.4,4.5,..
India,IND,"Total debt service (% of exports of goods, services and primary income)",DT.TDS.DECT.EX.ZS,17.2634154874596,10.0846800379296,11.3976479343618,9.0023457004643,15.0538331069002,7.81076067172717,8.26658065989597,10.1619274745821,10.493447761841,..
India,IND,Urban population growth (annual %),SP.URB.GROW,2.16325487902533,2.12248866445848,2.0460160617663,1.97750804279549,1.89985832105548,1.73813803578169,1.69490092263281,1.7773369092557,1.77423382325139,..
Indonesia,IDN,"Adolescent fertility rate (births per 1,000 women ages 15-19)",SP.ADO.TFRT,35.356,32.792,30.648,28.876,27.176,26.824,26.581,26.419,..,..
Indonesia,IDN,"Agriculture, forestry, and fishing, value added (% of GDP)",NV.AGR.TOTL.ZS,13.4787485470271,13.1566308462661,12.8084975586902,12.7126026577522,13.6984142796138,13.2801691376596,12.3996501634108,12.5294214769584,12.6086658797584,..
Indonesia,IDN,"Annual freshwater withdrawals, total (% of internal resources)",ER.H2O.FWTL.ZS,11.0286322881062,11.0286322881062,11.0286322881062,11.0286322881062,11.0286322881062,11.0286322881062,11.0286322881062,..,..,..
Indonesia,IDN,Births attended by skilled health staff (% of total),SH.STA.BRTC.ZS,92.6,90.9,93.6,94.7,..,..,..,..,..,..
Indonesia,IDN,"Contraceptive prevalence, any method (% of married women ages 15-49)",SP.DYN.CONU.ZS,59.4,63.6,..,52.5,52.7,51.9,52.4,52.6,..,..
Indonesia,IDN,Domestic credit provided by financial sector (% of GDP),FS.AST.DOMS.GD.ZS,47.9556737688496,46.9639357186983,47.2318282755401,47.12942183178,53.6943526286924,54.3146304560427,51.1292805485673,50.3701514239378,50.0955759359747,..
Indonesia,IDN,Electric power consumption (kWh per capita),EG.USE.ELEC.KH.PC,907.717733163991,951.049853781976,1065.26035758244,1107.15140125038,1119.6155596619,1210.58446671469,1330.98768392036,1445.21463483986,..,..
Indonesia,IDN,Energy use (kg of oil equivalent per capita),EG.USE.PCAP.KG.OE,718.57953489745,755.351304203294,826.038659966956,844.870039441295,848.436766186593,896.813534898965,953.65392850686,976.949985543796,..,..
Indonesia,IDN,Exports of goods and services (% of GDP),NE.EXP.GNFS.ZS,19.0889938536664,20.1773044351106,21.0027464972455,18.5915277970883,17.3311682848923,21.4165556390653,24.5029116862832,21.7538472039177,22.18331286866,..
Indonesia,IDN,"External debt stocks, total (DOD, current US$)",DT.DOD.DECT.CD,319052612588.1,353688908559.2,379851596756.2,402379692152.7,417036407016.7,417845089193.8,395986001909.7,399613483613.1,421059208493.8,..
Indonesia,IDN,"Fertility rate, total (births per woman)",SP.DYN.TFRT.IN,2.311,2.253,2.219,2.205,2.189,2.166,2.149,2.127,..,..
Indonesia,IDN,"Foreign direct investment, net inflows (BoP, current US$)",BX.KLT.DINV.CD.WD,4541713739.23769,20510310832.4469,18909826043.5105,24993551748.0098,19175077747.8077,21213080329.8582,24702029705.0926,21543358781.3828,24246911222.5792,..
Indonesia,IDN,Forest area (sq. km),AG.LND.FRST.K2,952718,939498,933442.7,927387.3,921332,915276.633,909221.311,903165.959,..,..
Indonesia,IDN,GDP (current US$),NY.GDP.MKTP.CD,931877364037.698,1015618744159.73,1042271532988.63,1119099871350.2,1059054842698.48,1186509691086.73,1319101183380.15,1371169301563.62,1396300098190.97,..
Indonesia,IDN,GDP growth (annual %),NY.GDP.MKTP.KD.ZG,5.03306918280177,5.06978590134916,5.17429153955024,5.01928768046282,-2.06551182934165,3.70288562827751,5.30719722664799,5.04902331835997,5.03034469419038,..
Indonesia,IDN,"GNI per capita, Atlas method (current US$)",NY.GNP.PCAP.CD,3370,3490,3810,4020,3850,4130,4520,4810,4910,..
Indonesia,IDN,"GNI per capita, PPP (current international $)",NY.GNP.PCAP.PP.CD,9930,10350,11030,11620,11410,12410,13900,15010,16010,..
Indonesia,IDN,"GNI, Atlas method (current US$)",NY.GNP.ATLS.CD,890493673493.167,934207963786.966,1028158608331.65,1096634205242.26,1059188261564.16,1142865991927.34,1261521639064.33,1351647232914.92,1393237295551.4,..
Indonesia,IDN,"GNI, PPP (current international $)",NY.GNP.MKTP.PP.CD,2628825069015.53,2766768816137.46,2978437369938.81,3166892074842.77,3134895515994.82,3434771286486.53,3875488644872.15,4220149081960.91,4539793544177.44,..
Indonesia,IDN,Gross capital formation (% of GDP),NE.GDI.TOTL.ZS,33.8587393039462,33.7105947957751,34.5705858319707,33.7801423773995,32.3434120537481,31.4488724858485,29.7453138212259,30.3425864737035,31.396354183511,..
Indonesia,IDN,High-technology exports (% of manufactured exports),TX.VAL.TECH.MF.ZS,7.99860974921307,8.44632702628773,8.21299200751234,8.09206094724751,8.4247469855579,7.20354863986269,8.30819306709832,9.08308687782522,8.71104390371756,..
Indonesia,IDN,"Immunization, measles (% of children ages 12-23 months)",SH.IMM.MEAS,88,90,89,88,76,72,92,82,85,..
Indonesia,IDN,Imports of goods and services (% of GDP),NE.IMP.GNFS.ZS,18.3323479486654,19.17819263535,22.0715624579547,19.0362497386225,15.6410071153504,18.7882026359018,20.9617585096621,19.5824396668474,20.389334433174,..
Indonesia,IDN,Income share held by lowest 20%,SI.DST.FRST.20,7.4,7.4,7.4,7.6,7.6,7.6,7.8,7.9,8.1,..
Indonesia,IDN,"Industry (including construction), value added (% of GDP)",NV.IND.TOTL.ZS,39.3084439802081,39.3791548040237,39.7297374523848,38.9517679950779,38.2383937187942,39.8448191919686,41.4292641760979,40.2156823106794,39.3184857249869,..
Indonesia,IDN,"Inflation, GDP deflator (annual %)",NY.GDP.DEFL.KD.ZG,2.43892408688207,4.29267812199525,3.81832356943335,1.59848849984144,-0.401651435218994,6.00397322136207,9.56898756346934,1.53013198443368,0.891653969144144,..
Indonesia,IDN,"Life expectancy at birth, total (years)",SP.DYN.LE00.IN,69.733,69.953,70.08,70.349,68.817,67.452,70.925,71.146,..,..
Indonesia,IDN,Merchandise trade (% of GDP),TG.VAL.TOTL.GD.ZS,30.0622174988969,32.0726652469865,35.3873235837501,30.2885389121745,28.7924654801673,36.0465660932167,40.1353593394075,35.060805361656,35.6918258937083,..
Indonesia,IDN,Military expenditure (% of GDP),MS.MIL.XPND.GD.ZS,0.792220213496852,0.865191376221992,0.718928190476345,0.728563743551525,0.886277728854897,0.741525844917975,0.76801260357697,0.821108120466812,0.779216788275608,..
Indonesia,IDN,Mobile cellular subscriptions (per 100 people),IT.CEL.SETS.P2,145.704,162.783,118.33,125.244,129.404,132.199,122.873,125.238,..,..
Indonesia,IDN,"Mortality rate, under-5 (per 1,000 live births)",SH.DYN.MORT,26.4,25.4,24.5,23.6,22.8,22,21.3,20.6,..,..
Indonesia,IDN,Net barter terms of trade index (2015 = 100),TT.PRI.MRCH.XD.WD,105.1,108.1,103.7,98.5,102.2,115,124.9,108.3,..,..
Indonesia,IDN,Net migration,SM.POP.NETM,-28991,-29467,-29911,-30421,-18743,-11248,-37501,-37501,-38469,-39509
Indonesia,IDN,Net official development assistance and official aid received (current US$),DT.ODA.ALLD.CD,-108278182.983398,280185241.699219,962693420.410156,-693161743.164063,1211180786.13281,626984741.210938,667683776.855469,1155079467.77344,..,..
Indonesia,IDN,"Personal remittances, received (current US$)",BX.TRF.PWKR.CD.DT,8906655810.83855,8989529970.52679,11215344812.152,11666395059.1406,9650926141.69335,9402427088.85485,13089296495.3608,14466835209.7539,16038366972.4451,..
Indonesia,IDN,Population density (people per sq. km of land area),EN.POP.DNST,140.945267664402,142.393583234045,143.781152680745,145.132688936836,146.371283592869,146.235107708626,147.330175215419,148.57692229227,..,..
Indonesia,IDN,Population growth (annual %),SP.POP.GROW,1.0744882002252,1.02232939771064,0.969743409524713,0.935604959235128,0.849801187379341,0.704601321926319,0.746050469653246,0.842666137328498,0.813871513351669,..
Indonesia,IDN,"Population, total",SP.POP.TOTL,264627418,267346658,269951846,272489381,274814866,276758053,278830529,281190067,283487931,..
Indonesia,IDN,Poverty headcount ratio at $3.00 a day (2021 PPP) (% of population),SI.POV.DDAY,18,14.8,12.5,10.8,9.8,8.6,7.9,6.7,5.4,..
Indonesia,IDN,Poverty headcount ratio at national poverty lines (% of population),SI.POV.NAHC,10.9,10.6,9.8,9.4,9.8,10.1,9.5,9.4,9,..
Indonesia,IDN,"Prevalence of HIV, total (% of population ages 15-49)",SH.DYN.AIDS.ZS,0.4,0.4,0.4,0.4,0.4,0.4,0.4,0.4,0.4,..
Indonesia,IDN,"Prevalence of underweight, weight for age (% of children under 5)",SH.STA.MALN.ZS,..,..,17.7,17.9,..,17,16.8,15.9,..,..
Indonesia,IDN,"Primary completion rate, total (% of relevant age group)",SE.PRM.CMPT.ZS,107.213433946707,104.773527897237,102.627469259879,102.856162733356,102.119707703437,103.366819034154,102.068055782043,99.9521715181012,..,..
Indonesia,IDN,"Revenue, excluding grants (% of GDP)",GC.REV.XGRT.GD.ZS,..,..,..,..,..,..,..,..,..,..
Indonesia,IDN,"School enrollment, primary (% gross)",SE.PRM.ENRR,105.922391949136,104.382521256166,103.299542869882,101.264685825869,100.951933675872,100.309665446849,98.7008730463611,98.1566275726904,100.036318150714,100.371428697375
Indonesia,IDN,"School enrollment, primary and secondary (gross), gender parity index (GPI)",SE.ENR.PRSC.FM.ZS,0.995899975299835,0.993650019168854,0.993399977684021,..,..,..,..,..,..,..
Indonesia,IDN,"School enrollment, secondary (% gross)",SE.SEC.ENRR,87.8191791728036,90.9455391241064,92.8120739600443,94.9467044891028,96.9345779132931,97.8441479813619,97.8167602714893,96.0002120295081,98.836444459078,97.1701841816
Indonesia,IDN,Surface area (sq. km),AG.SRF.TOTL.K2,1913580,1916820,1916862.2,1916906.77,1916906.77,1916906.77,1916906.77,1916906.77,..,..
Indonesia,IDN,Tax revenue (% of GDP),GC.TAX.TOTL.GD.ZS,..,..,..,..,..,..,..,..,..,..
Indonesia,IDN,Terrestrial and marine protected areas (% of total territorial area),ER.PTD.TOTL.ZS,5.1,5.1,5.3,5.3,5.3,5.3,5.3,5.3,5.2,..
Indonesia,IDN,"Total debt service (% of exports of goods, services and primary income)",DT.TDS.DECT.EX.ZS,37.4796669814765,29.4361720648722,25.1358200297316,39.4859892619538,36.8192289177179,26.2187506302203,23.3261822398195,20.2824087016026,24.6905963826299,..
Indonesia,IDN,Urban population growth (annual %),SP.URB.GROW,2.27183339757092,2.20746225144714,2.14106407789818,2.09504868385799,1.81452799005677,1.76093756390187,1.82554396201775,1.92295881533904,1.89719567962498,..
Italy,ITA,"Adolescent fertility rate (births per 1,000 women ages 15-19)",SP.ADO.TFRT,4.766,4.376,4.064,3.68,3.295,3.016,2.988,2.852,..,..
Italy,ITA,"Agriculture, forestry, and fishing, value added (% of GDP)",NV.AGR.TOTL.ZS,1.84915248302101,1.89343264776643,1.85755612561626,1.81866879873849,1.9280162015612,1.83339290794707,1.89037175125669,1.85975769551569,1.99727734716288,..
Italy,ITA,"Annual freshwater withdrawals, total (% of internal resources)",ER.H2O.FWTL.ZS,18.5580334849315,18.5077838684932,18.4575342465753,18.5452054794521,18.5304109589041,18.4937643835616,18.5112328767123,..,..,..
Italy,ITA,Births attended by skilled health staff (% of total),SH.STA.BRTC.ZS,99.9,99.9,99.9,99.8,99.8,..,..,..,..,..
Italy,ITA,"Contraceptive prevalence, any method (% of married women ages 15-49)",SP.DYN.CONU.ZS,..,..,..,..,..,..,..,..,..,..
Italy,ITA,Domestic credit provided by financial sector (% of GDP),FS.AST.DOMS.GD.ZS,..,..,..,..,..,..,..,..,..,..
Italy,ITA,Electric power consumption (kWh per capita),EG.USE.ELEC.KH.PC,5124.17628393394,5248.5196722283,5247.31574227309,5260.0173104957,4969.24141417202,5290.22854904133,5215.69012140866,5047.46897034285,..,..
Italy,ITA,Energy use (kg of oil equivalent per capita),EG.USE.PCAP.KG.OE,2511.46353090755,2557.32535513975,2503.3498604998,2494.02659804115,2313.10006204514,2531.08698798735,2411.65172417311,2298.39093933589,..,..
Italy,ITA,Exports of goods and services (% of GDP),NE.EXP.GNFS.ZS,28.7987488919157,30.1398859152774,30.8135072735991,30.9498739181942,28.7258551870199,31.1716088630092,35.0991400412578,33.3315893476608,32.505041554007,..
Italy,ITA,"External debt stocks, total (DOD, current US$)",DT.DOD.DECT.CD,..,..,..,..,..,..,..,..,..,..
Italy,ITA,"Fertility rate, total (births per woman)",SP.DYN.TFRT.IN,1.36,1.34,1.31,1.27,1.24,1.25,1.24,1.2,..,..
Italy,ITA,"Foreign direct investment, net inflows (BoP, current US$)",BX.KLT.DINV.CD.WD,25656663794.7916,8737024578.66006,44249715319.1483,35760550299.4852,-17050399620.8672,26253856510.1011,61897757337.9736,42019753074.4716,26903748175.4513,..
Italy,ITA,Forest area (sq. km),AG.LND.FRST.K2,93508.9,94047,94585.1,95123.2,95661.3,96199.4,96737.5,97275.6,..,..
Italy,ITA,GDP (current US$),NY.GDP.MKTP.CD,1887111188176.93,1970720904584.71,2099435266458.67,2019606796583.53,1907481094079.23,2179207773596.09,2104067630319.46,2316727999333.18,2380825077243.59,..
Italy,ITA,GDP growth (annual %),NY.GDP.MKTP.KD.ZG,1.23622108511661,1.60369995294101,0.826646712344115,0.429162533780342,-8.86822122185345,8.93106210800055,4.82117669913565,0.975694840127005,0.692676948440536,..
Italy,ITA,"GNI per capita, Atlas method (current US$)",NY.GNP.PCAP.CD,32400,31790,34120,35030,32600,36760,39060,38770,38590,..
Italy,ITA,"GNI per capita, PPP (current international $)",NY.GNP.PCAP.PP.CD,40590,42370,43850,47030,45000,50380,57790,59720,61620,..
Italy,ITA,"GNI, Atlas method (current US$)",NY.GNP.ATLS.CD,1947749931461.05,1907224935160.7,2052104941010.41,2092492077225.61,1937491460457.33,2174027538549.97,2304963826976.64,2286647481860.98,2275197012676.77,..
Italy,ITA,"GNI, PPP (current international $)",NY.GNP.MKTP.PP.CD,2440210322263.84,2542276723269.48,2637763186288.11,2809288457557.42,2674820968792.9,2979012594426.2,3410466268666.81,3522246402934.47,3632542730730.94,..
Italy,ITA,Gross capital formation (% of GDP),NE.GDI.TOTL.ZS,17.7118639941996,18.1694222906025,18.6608716078644,18.3641315277239,17.8986868297166,22.0011382315208,24.5977298322393,23.0784564391973,22.5774286224244,..
Italy,ITA,High-technology exports (% of manufactured exports),TX.VAL.TECH.MF.ZS,8.29074616964551,7.8052686500986,7.47655885813922,7.75802459594121,8.587243012964,7.77024565516253,9.15916231271025,9.9836968942283,11.629880473073,..
Italy,ITA,"Immunization, measles (% of children ages 12-23 months)",SH.IMM.MEAS,87,92,93,94,92,94,94,95,95,..
Italy,ITA,Imports of goods and services (% of GDP),NE.IMP.GNFS.ZS,25.6333978099156,27.4431081122137,28.4614762392164,27.7443163412796,25.2136287172564,29.1303687572707,36.9173622620119,31.7755885286565,30.3187269579455,..
Italy,ITA,Income share held by lowest 20%,SI.DST.FRST.20,6.1,6,6.1,6.3,6.3,6.5,6.8,6.6,..,..
Italy,ITA,"Industry (including construction), value added (% of GDP)",NV.IND.TOTL.ZS,20.6626457226581,20.7926142437946,20.9865490224579,21.0122984359559,20.9642039077686,22.5572771105288,23.2791441111799,23.6677353518388,22.3316588315233,..
Italy,ITA,"Inflation, GDP deflator (annual %)",NY.GDP.DEFL.KD.ZG,1.24817184167345,0.709821715080693,1.07058151640653,1.04700690430435,1.57740278796771,1.28332187292641,3.45535917134771,6.19726462122874,1.95492496299498,..
Italy,ITA,"Life expectancy at birth, total (years)",SP.DYN.LE00.IN,83.2439024390244,82.9463414634147,83.3463414634146,83.4975609756098,82.1951219512195,82.6463414634146,82.7,83.7,..,..
Italy,ITA,Merchandise trade (% of GDP),TG.VAL.TOTL.GD.ZS,46.0240501694577,48.7405394526129,50.1451993695338,50.14461239253,48.5802455854648,54.2883525992449,64.2974579574038,56.8302796175881,54.1755046319193,..
Italy,ITA,Military expenditure (% of GDP),MS.MIL.XPND.GD.ZS,1.32773387933426,1.35122350161336,1.35443317948295,1.30611671363832,1.72984958969454,1.66286387777873,1.65164252620196,1.60646040928357,1.60924561245844,..
Italy,ITA,Mobile cellular subscriptions (per 100 people),IT.CEL.SETS.P2,142.127,138.882,138.265,132.181,129.49,130.781,131.674,131.872,..,..
Italy,ITA,"Mortality rate, under-5 (per 1,000 live births)",SH.DYN.MORT,3.4,3.3,3.2,3.1,3,2.9,2.8,2.8,..,..
Italy,ITA,Net barter terms of trade index (2015 = 100),TT.PRI.MRCH.XD.WD,102.6,99.7,99,102.5,107.2,100.5,89.9,100.7,..,..
Italy,ITA,Net migration,SM.POP.NETM,84568,95147,83686,46634,85281,157327,231228,150189,95246,75448
Italy,ITA,Net official development assistance and official aid received (current US$),DT.ODA.ALLD.CD,..,..,..,..,..,..,..,..,..,..
Italy,ITA,"Personal remittances, received (current US$)",BX.TRF.PWKR.CD.DT,9512833703.54223,9742186171.70857,9899652023.34248,10458515879.0042,9888526922.0456,10103942878.0664,9822241664.74569,12102901534.3952,11151789911.0752,..
Italy,ITA,Population density (people per sq. km of land area),EN.POP.DNST,203.285640373599,202.903617635721,203.398704170865,201.980545589195,200.999100491348,199.965416259464,199.559268903016,199.459678073854,..,..
Italy,ITA,Population growth (annual %),SP.POP.GROW,-0.190090486385849,-0.188100912559894,0.243703643127712,-0.700011055973408,-0.487095091717782,-0.515599998844444,-0.20230086688254,-0.0499178457490556,-0.0534387378437725,..
Italy,ITA,"Population, total",SP.POP.TOTL,60115223,60002252,60148658,59729081,59438851,59133173,59013667,58984216,58952704,..
Italy,ITA,Poverty headcount ratio at $3.00 a day (2021 PPP) (% of population),SI.POV.DDAY,1.8,1.5,1.7,1,0.9,0.9,0.7,0.9,..,..
Italy,ITA,Poverty headcount ratio at national poverty lines (% of population),SI.POV.NAHC,20.3,20.3,20.1,20,20.1,20.1,..,..,..,..
Italy,ITA,"Prevalence of HIV, total (% of population ages 15-49)",SH.DYN.AIDS.ZS,0.3,0.3,0.3,0.3,0.3,0.3,0.3,0.3,0.3,..
Italy,ITA,"Prevalence of underweight, weight for age (% of children under 5)",SH.STA.MALN.ZS,..,..,..,..,..,..,..,..,..,..
Italy,ITA,"Primary completion rate, total (% of relevant age group)",SE.PRM.CMPT.ZS,98.4906234741211,99.5705108642578,98.8338165283203,98.369140625,98.7205963134766,97.7147903442383,97.1534576416016,97.3619613647461,..,..
Italy,ITA,"Revenue, excluding grants (% of GDP)",GC.REV.XGRT.GD.ZS,39.8892763245145,39.4241765372518,39.2904064273807,40.0859879467878,40.5950400712713,40.3348719250734,39.6076699114937,39.0735244912762,..,..
Italy,ITA,"School enrollment, primary (% gross)",SE.PRM.ENRR,99.8127670288086,102.803092956543,102.894989013672,102.959373474121,102.636672973633,101.089881896973,101.56453704834,103.566017150879,..,..
Italy,ITA,"School enrollment, primary and secondary (gross), gender parity index (GPI)",SE.ENR.PRSC.FM.ZS,1.00269997119904,0.984040021896362,0.978990018367767,0.983399987220764,0.990440011024475,..,..,..,..,..
Italy,ITA,"School enrollment, secondary (% gross)",SE.SEC.ENRR,100.742958068848,101.01001739502,101.526412963867,101.74178314209,101.836128234863,101.834869384766,101.353858947754,100.678756713867,..,..
Italy,ITA,Surface area (sq. km),AG.SRF.TOTL.K2,302069,302069,302069,302068,302068,302068,302070,302070,..,..
Italy,ITA,Tax revenue (% of GDP),GC.TAX.TOTL.GD.ZS,25.0831052252075,24.697204288008,24.2435864233351,24.6616145255819,24.8458109789517,24.8769150126615,24.6064132004012,24.7080453637277,..,..
Italy,ITA,Terrestrial and marine protected areas (% of total territorial area),ER.PTD.TOTL.ZS,13.3,13.3,13.4,13.3,14,14.5,14.5,14.5,14.6,..
Italy,ITA,"Total debt service (% of exports of goods, services and primary income)",DT.TDS.DECT.EX.ZS,..,..,..,..,..,..,..,..,..,..
Italy,ITA,Urban population growth (annual %),SP.URB.GROW,-0.208876964050744,-0.301452905692446,0.188918624266272,-0.664041140382544,-0.467315458844802,-0.569555707316573,-0.198376240638907,0.0280218946170541,0.0422886329405625,..
Japan,JPN,"Adolescent fertility rate (births per 1,000 women ages 15-19)",SP.ADO.TFRT,3.75,3.404,3.076,2.772,2.503,2.088,1.821,1.737,..,..
Japan,JPN,"Agriculture, forestry, and fishing, value added (% of GDP)",NV.AGR.TOTL.ZS,1.12498130848332,1.12844054943922,1.044248235947,1.03894744464527,1.06638425931073,1.01041770067097,0.921881300110971,0.937452748505902,..,..
Japan,JPN,"Annual freshwater withdrawals, total (% of internal resources)",ER.H2O.FWTL.ZS,18.5348837209302,18.4418604651163,18.3953488372093,18.2325581395349,18.5348837209302,18.5348837209302,18.5348837209302,..,..,..
Japan,JPN,Births attended by skilled health staff (% of total),SH.STA.BRTC.ZS,99.8,99.9,99.9,99.9,99.9,99.8,..,..,..,..
Japan,JPN,"Contraceptive prevalence, any method (% of married women ages 15-49)",SP.DYN.CONU.ZS,..,..,..,..,..,58.3383869011522,..,..,..,..
Japan,JPN,Domestic credit provided by financial sector (% of GDP),FS.AST.DOMS.GD.ZS,346.832508947128,352.149390767584,350.615462584578,363.317971259922,393.569525207266,390.900436709173,385.354126450029,379.387324984689,371.829637861534,..
Japan,JPN,Electric power consumption (kWh per capita),EG.USE.ELEC.KH.PC,8066.01561270421,8190.60107740289,8058.01547184393,7853.03988691731,7687.25893189504,7960.01209182637,7800.08060580129,7655.01641748312,..,..
Japan,JPN,Energy use (kg of oil equivalent per capita),EG.USE.PCAP.KG.OE,3370.8877963853,3391.05041453219,3343.05412833973,3261.62024942915,3046.85480668859,3196.03970960845,3129.65861717499,3039.14126131753,..,..
Japan,JPN,Exports of goods and services (% of GDP),NE.EXP.GNFS.ZS,16.0579692360598,17.5914391047836,18.3149455985223,17.4635264275221,15.5331828643222,18.1091919388618,21.5464241239166,21.8515912402593,22.7689998646748,..
Japan,JPN,"External debt stocks, total (DOD, current US$)",DT.DOD.DECT.CD,..,..,..,..,..,..,..,..,..,..
Japan,JPN,"Fertility rate, total (births per woman)",SP.DYN.TFRT.IN,1.44,1.43,1.42,1.36,1.33,1.3,1.26,1.2,..,..
Japan,JPN,"Foreign direct investment, net inflows (BoP, current US$)",BX.KLT.DINV.CD.WD,40954181468.5533,18802251208.1068,25289367857.8518,39960544340.0141,62584719398.0912,35027163875.7213,48153832744.0586,19982140844.5082,16160318365.9944,..
Japan,JPN,Forest area (sq. km),AG.LND.FRST.K2,249400,249350,249350,249350,249350,249350,249350,249350,..,..
Japan,JPN,GDP (current US$),NY.GDP.MKTP.CD,5003677627544.24,4930837369151.42,5040880939324.86,5117993853016.51,5054068005376.28,5039148168861.22,4262463317796.53,4213167237905.83,4027597523550.58,..
Japan,JPN,GDP growth (annual %),NY.GDP.MKTP.KD.ZG,0.753826745789127,1.67533175173359,0.643391023533141,-0.402169200894946,-4.16876457146743,2.69657404187188,0.941998775483285,1.47503481053384,0.104309021773304,..
Japan,JPN,"GNI per capita, Atlas method (current US$)",NY.GNP.PCAP.CD,38460,38930,41800,41970,40930,43710,42640,39360,36000,..
Japan,JPN,"GNI per capita, PPP (current international $)",NY.GNP.PCAP.PP.CD,42010,42980,43750,44350,43980,46470,50100,53680,55490,..
Japan,JPN,"GNI, Atlas method (current US$)",NY.GNP.ATLS.CD,4887581873397.65,4943005267666.01,5300391313005.17,5315223353078.9,5167907446929.82,5493061119169.75,5334916887561.31,4901110430339.08,4463243824292.14,..
Japan,JPN,"GNI, PPP (current international $)",NY.GNP.MKTP.PP.CD,5338418864031.41,5456929841830.36,5548453034657.63,5616185461359.48,5553233343042.62,5840708308910.29,6269265599003.19,6683499848244.32,6879949351421.6,..
Japan,JPN,Gross capital formation (% of GDP),NE.GDI.TOTL.ZS,24.8355973184149,25.2148269758242,25.6417143090178,25.7896961306359,25.2240172261075,25.824730869587,26.7755742133001,26.1821637488649,26.1778501334799,..
Japan,JPN,High-technology exports (% of manufactured exports),TX.VAL.TECH.MF.ZS,17.620423854837,17.5942774665502,17.2970528139362,17.0303844450023,18.6333487896777,18.0039913482614,18.2592615351902,17.1028060703212,17.5547415163067,..
Japan,JPN,"Immunization, measles (% of children ages 12-23 months)",SH.IMM.MEAS,96,97,97,96,98,95,98,94,95,..
Japan,JPN,Imports of goods and services (% of GDP),NE.IMP.GNFS.ZS,15.2522776095286,16.831774467385,18.2949862035848,17.7528916808924,15.8020257724508,18.629254289208,25.2665627129772,23.2992883238654,23.6379517504111,..
Japan,JPN,Income share held by lowest 20%,SI.DST.FRST.20,7.3,7.4,6.8,6.8,6.9,..,..,..,..,..
Japan,JPN,"Industry (including construction), value added (% of GDP)",NV.IND.TOTL.ZS,28.6299476490573,28.8824260088632,29.0140076866127,28.8040848106902,29.0568076109153,29.2191940850705,27.7174374582966,28.6021835997719,..,..
Japan,JPN,"Inflation, GDP deflator (annual %)",NY.GDP.DEFL.KD.ZG,0.419944376171273,-0.0743495037964408,-0.000237506459967562,0.634803165679926,0.933912186858549,-0.203835821828704,0.399048968762756,4.06819848886964,2.88805363875247,..
Japan,JPN,"Life expectancy at birth, total (years)",SP.DYN.LE00.IN,83.9848780487805,84.099756097561,84.2109756097561,84.3563414634146,84.56,84.4456097560976,83.9963414634146,84.0412195121951,..,..
Japan,JPN,Merchandise trade (% of GDP),TG.VAL.TOTL.GD.ZS,25.0371845121216,27.7929466620361,29.4914920208195,27.8726595023013,25.2624024576207,30.2632101477705,38.5694814811889,35.6752275693452,36.0141993215173,..
Japan,JPN,Military expenditure (% of GDP),MS.MIL.XPND.GD.ZS,0.929516775505971,0.913229479099801,0.962497363778907,0.992231472747577,1.01676127140466,1.06384050244526,1.00994395391657,1.13954641785041,1.37139689580634,..
Japan,JPN,Mobile cellular subscriptions (per 100 people),IT.CEL.SETS.P2,131.215,135.986,141.729,147.21,154.432,159.516,168.603,178.432,..,..
Japan,JPN,"Mortality rate, under-5 (per 1,000 live births)",SH.DYN.MORT,2.7,2.6,2.5,2.5,2.4,2.4,2.4,2.4,..,..
Japan,JPN,Net barter terms of trade index (2015 = 100),TT.PRI.MRCH.XD.WD,108.5,103,97.1,98.7,106.5,94.8,79.3,86.5,..,..
Japan,JPN,Net migration,SM.POP.NETM,314732,322564,320601,318190,42001,-34996,175003,175003,153357,140579
Japan,JPN,Net official development assistance and official aid received (current US$),DT.ODA.ALLD.CD,..,..,..,..,..,..,..,..,..,..
Japan,JPN,"Personal remittances, received (current US$)",BX.TRF.PWKR.CD.DT,3830448522.34687,4443028775.37985,4369453719.14417,4388723265.72254,4887784631.45567,5293894065.13756,5407997507.29794,4712286543.52078,4644199355.62274,..
Japan,JPN,Population density (people per sq. km of land area),EN.POP.DNST,348.631001371742,348.345679012346,347.903978052126,347.415637860082,346.395061728395,344.80546776406,343.278433470508,341.54455749932,..,..
Japan,JPN,Population growth (annual %),SP.POP.GROW,-0.0511374152133631,-0.081874296046114,-0.126880068088791,-0.140464977878172,-0.294194617750067,-0.459952415807642,-0.443851919148528,-0.487370782049143,-0.435651699326323,..
Japan,JPN,"Population, total",SP.POP.TOTL,127076000,126972000,126811000,126633000,126261000,125681593,125124989,124516650,123975371,..
Japan,JPN,Poverty headcount ratio at $3.00 a day (2021 PPP) (% of population),SI.POV.DDAY,0.7,0.6,1,1.2,1.2,..,..,..,..,..
Japan,JPN,Poverty headcount ratio at national poverty lines (% of population),SI.POV.NAHC,..,..,..,..,..,..,..,..,..,..
Japan,JPN,"Prevalence of HIV, total (% of population ages 15-49)",SH.DYN.AIDS.ZS,..,..,..,..,..,..,..,..,..,..
Japan,JPN,"Prevalence of underweight, weight for age (% of children under 5)",SH.STA.MALN.ZS,..,..,..,..,..,..,..,..,..,..
Japan,JPN,"Primary completion rate, total (% of relevant age group)",SE.PRM.CMPT.ZS,..,..,..,..,..,..,..,..,..,..
Japan,JPN,"Revenue, excluding grants (% of GDP)",GC.REV.XGRT.GD.ZS,..,..,..,..,..,..,..,..,..,..
Japan,JPN,"School enrollment, primary (% gross)",SE.PRM.ENRR,102.216911315918,102.254829406738,102.099906921387,102.652282714844,102.736831665039,102.218322753906,102.158706665039,102.496421813965,..,..
Japan,JPN,"School enrollment, primary and secondary (gross), gender parity index (GPI)",SE.ENR.PRSC.FM.ZS,1.00527000427246,1.00452995300293,1.00345003604889,1.0034099817276,..,..,..,..,..,..
Japan,JPN,"School enrollment, secondary (% gross)",SE.SEC.ENRR,101.167999267578,101.882888793945,102.425148010254,102.670066833496,102.844802856445,102.155380249023,102.337966918945,102.344436645508,..,..
Japan,JPN,Surface area (sq. km),AG.SRF.TOTL.K2,377970,377970,377974,377974,377974,377974,377969.27,377969.27,..,..
Japan,JPN,Tax revenue (% of GDP),GC.TAX.TOTL.GD.ZS,..,..,..,..,..,..,..,..,..,..
Japan,JPN,Terrestrial and marine protected areas (% of total territorial area),ER.PTD.TOTL.ZS,10,10,10,10,10,15.2,15.2,15.2,15.1,..
Japan,JPN,"Total debt service (% of exports of goods, services and primary income)",DT.TDS.DECT.EX.ZS,..,..,..,..,..,..,..,..,..,..
Japan,JPN,Urban population growth (annual %),SP.URB.GROW,0.0592097666767839,0.0227308990769753,-0.0309237210224829,-0.054632242147625,-0.223815566100041,-0.358552905629428,-0.331208528628743,-0.373238085015692,-0.318996369716406,..
"Korea, Rep.",KOR,"Adolescent fertility rate (births per 1,000 women ages 15-19)",SP.ADO.TFRT,1.478,1.126,1.179,0.925,0.799,0.539,0.651,0.537,..,..
"Korea, Rep.",KOR,"Agriculture, forestry, and fishing, value added (% of GDP)",NV.AGR.TOTL.ZS,1.73945648142804,1.71494254133381,1.59932774432361,1.50689433955588,1.57795135359259,1.66515978191584,1.4483461547482,1.44773871445502,1.45825105459538,..
"Korea, Rep.",KOR,"Annual freshwater withdrawals, total (% of internal resources)",ER.H2O.FWTL.ZS,45.0223592906708,45.0223592906708,45.0223592906708,45.0223592906708,45.0223592906708,45.0223592906708,45.0223592906708,..,..,..
"Korea, Rep.",KOR,Births attended by skilled health staff (% of total),SH.STA.BRTC.ZS,..,..,..,..,..,..,..,..,..,..
"Korea, Rep.",KOR,"Contraceptive prevalence, any method (% of married women ages 15-49)",SP.DYN.CONU.ZS,..,..,82.3,..,..,84.22,..,..,..,..
"Korea, Rep.",KOR,Domestic credit provided by financial sector (% of GDP),FS.AST.DOMS.GD.ZS,..,..,..,..,..,..,..,..,..,..
"Korea, Rep.",KOR,Electric power consumption (kWh per capita),EG.USE.ELEC.KH.PC,10609.8069063993,10811.7667195054,11161.8174394609,10943.203861495,11104.6636697543,11726.219930218,11705.6305058105,11426.0699114852,..,..
"Korea, Rep.",KOR,Energy use (kg of oil equivalent per capita),EG.USE.PCAP.KG.OE,5390.84042635905,5467.82224967457,5531.77957372505,5334.67385872126,5195.91011087811,5513.62830573477,5411.97477731382,5336.92485966157,..,..
"Korea, Rep.",KOR,Exports of goods and services (% of GDP),NE.EXP.GNFS.ZS,38.1129875583911,38.8488899920532,39.4523497931837,37.0413266370488,34.6152001987888,39.3388192669479,45.294860984133,41.3214807367697,44.3582383593234,..
"Korea, Rep.",KOR,"External debt stocks, total (DOD, current US$)",DT.DOD.DECT.CD,..,..,..,..,..,..,..,..,..,..
"Korea, Rep.",KOR,"Fertility rate, total (births per woman)",SP.DYN.TFRT.IN,1.172,1.052,0.977,0.918,0.837,0.808,0.778,0.721,..,..
"Korea, Rep.",KOR,"Foreign direct investment, net inflows (BoP, current US$)",BX.KLT.DINV.CD.WD,12104300000,17912900000,12182600000,9634300000,8764900000,22060400000,25044700000,19042300000,15225800000,..
"Korea, Rep.",KOR,Forest area (sq. km),AG.LND.FRST.K2,63250,63170,63070,62970,62870,62770,62670,62570,..,..
"Korea, Rep.",KOR,GDP (current US$),NY.GDP.MKTP.CD,1579150518945.44,1710196756713.17,1824251454306.83,1751045752054.63,1744070276373.34,1942313560965.9,1799363116866.52,1844800934391.54,1875388209406.8,..
"Korea, Rep.",KOR,GDP growth (annual %),NY.GDP.MKTP.KD.ZG,3.17152748983935,3.433191763972,3.17611568177327,2.31380210595475,-0.700242317542106,4.61296795454287,2.72756456708991,1.58301467403629,2.00361101838986,..
"Korea, Rep.",KOR,"GNI per capita, Atlas method (current US$)",NY.GNP.PCAP.CD,30850,31940,34610,35790,35000,37450,38590,38020,36750,..
"Korea, Rep.",KOR,"GNI per capita, PPP (current international $)",NY.GNP.PCAP.PP.CD,41820,43320,45680,46890,48280,52260,56180,58260,61930,..
"Korea, Rep.",KOR,"GNI, Atlas method (current US$)",NY.GNP.ATLS.CD,1580316759205.39,1640695299096.32,1785538516343.22,1852602882952.89,1814189879629.08,1938561679121.76,1993924290011.27,1965948017428.56,1902094957747.04,..
"Korea, Rep.",KOR,"GNI, PPP (current international $)",NY.GNP.MKTP.PP.CD,2141790582760.39,2225144832612.14,2356598322355.61,2427242486630.21,2502426460819.8,2705643708542.36,2902939746809.45,3012598235210.35,3205074833007.56,..
"Korea, Rep.",KOR,Gross capital formation (% of GDP),NE.GDI.TOTL.ZS,29.9823963274728,31.9652912711332,31.2486531343572,31.1955884616555,31.5248657192138,32.4929253527445,33.3254869272348,31.8912200894147,29.9738499299961,..
"Korea, Rep.",KOR,High-technology exports (% of manufactured exports),TX.VAL.TECH.MF.ZS,30.5250266717443,32.546316460744,36.3912233579129,32.4050621736765,35.6022265413283,36.014503674486,36.118278931217,30.2762799912651,36.2582559366674,..
"Korea, Rep.",KOR,"Immunization, measles (% of children ages 12-23 months)",SH.IMM.MEAS,98,97,98,98,98,98,97,97,97,..
"Korea, Rep.",KOR,Imports of goods and services (% of GDP),NE.IMP.GNFS.ZS,31.7867345733008,34.3432508343484,35.2551664208987,34.4057366033023,30.9297576618322,35.9674854941434,45.2902865437219,40.9365283348931,40.2842567598803,..
"Korea, Rep.",KOR,Income share held by lowest 20%,SI.DST.FRST.20,6.7,6.7,7.1,7.4,7.6,7.5,..,..,..,..
"Korea, Rep.",KOR,"Industry (including construction), value added (% of GDP)",NV.IND.TOTL.ZS,35.226493712639,35.6298842658067,34.9767074768513,33.6464921028153,33.3563261777639,33.152604676808,32.5112580507246,32.5234690063974,33.9025438024037,..
"Korea, Rep.",KOR,"Inflation, GDP deflator (annual %)",NY.GDP.DEFL.KD.ZG,2.0624563522338,2.01882021582307,0.566582073981039,-0.624210765169693,1.58718957511546,3.1805178629799,1.80785031900311,2.03849717899953,4.06639736475807,..
"Korea, Rep.",KOR,"Life expectancy at birth, total (years)",SP.DYN.LE00.IN,82.2756097560976,82.6268292682927,82.6268292682927,83.2268292682927,83.4268292682927,83.5268292682927,82.6804878048781,83.4292682926829,..,..
"Korea, Rep.",KOR,Merchandise trade (% of GDP),TG.VAL.TOTL.GD.ZS,57.0951906853125,61.5234472799593,62.4947836718703,59.7115180327613,56.1979074626573,64.8449882301012,78.6364345660289,69.1021983041469,70.1388647642219,..
"Korea, Rep.",KOR,Military expenditure (% of GDP),MS.MIL.XPND.GD.ZS,2.3357998421426,2.29813107276094,2.36150967895845,2.51931997944066,2.64297706902012,2.61904941244001,2.57642560395009,2.59925771052554,2.56205259386748,..
"Korea, Rep.",KOR,Mobile cellular subscriptions (per 100 people),IT.CEL.SETS.P2,119.49,123.642,128.495,133.08,135.973,140.516,148.684,162.114,..,..
"Korea, Rep.",KOR,"Mortality rate, under-5 (per 1,000 live births)",SH.DYN.MORT,3.4,3.3,3.2,3.1,3,2.9,2.8,2.8,..,..
"Korea, Rep.",KOR,Net barter terms of trade index (2015 = 100),TT.PRI.MRCH.XD.WD,101,100.6,95.4,91.5,94.9,92.3,85.5,85.4,..,..
"Korea, Rep.",KOR,Net migration,SM.POP.NETM,91568,104029,118220,128622,112631,-16778,87800,87800,75963,65731
"Korea, Rep.",KOR,Net official development assistance and official aid received (current US$),DT.ODA.ALLD.CD,..,..,..,..,..,..,..,..,..,..
"Korea, Rep.",KOR,"Personal remittances, received (current US$)",BX.TRF.PWKR.CD.DT,6523600000,6526400000,7125100000,7166100000,7434800000,7742300000,7814500000,7035000000,7449400000,..
"Korea, Rep.",KOR,Population density (people per sq. km of land area),EN.POP.DNST,525.370072521002,526.734806686494,528.969011484824,530.377274590164,531.109006147541,530.425604508197,529.43205942623,529.842407786885,..,..
"Korea, Rep.",KOR,Population growth (annual %),SP.POP.GROW,0.396851823381145,0.280968018301691,0.433519027613049,0.347874968577526,0.137869266247028,-0.128757315474928,-0.187486566698935,0.077477253324535,0.0743178674548815,..
"Korea, Rep.",KOR,"Population, total",SP.POP.TOTL,51217803,51361911,51585058,51764822,51836239,51769539,51672569,51712619,51751065,..
"Korea, Rep.",KOR,Poverty headcount ratio at $3.00 a day (2021 PPP) (% of population),SI.POV.DDAY,0.2,0.2,0.2,0.2,0,0.2,..,..,..,..
"Korea, Rep.",KOR,Poverty headcount ratio at national poverty lines (% of population),SI.POV.NAHC,..,..,..,..,..,..,..,..,..,..
"Korea, Rep.",KOR,"Prevalence of HIV, total (% of population ages 15-49)",SH.DYN.AIDS.ZS,..,..,..,..,..,..,..,..,..,..
"Korea, Rep.",KOR,"Prevalence of underweight, weight for age (% of children under 5)",SH.STA.MALN.ZS,..,0.9,..,..,0.4,..,..,..,..,..
"Korea, Rep.",KOR,"Primary completion rate, total (% of relevant age group)",SE.PRM.CMPT.ZS,103.802207946777,97.8568572998047,96.7625503540039,99.9055786132812,101.201568603516,98.4509506225586,96.0156021118164,98.2711029052734,..,..
"Korea, Rep.",KOR,"Revenue, excluding grants (% of GDP)",GC.REV.XGRT.GD.ZS,24.4609578618772,24.8507535926756,25.9611385440622,26.2939664579579,26.3065329320637,28.0245804495307,29.7729228770863,27.3522982787223,..,..
"Korea, Rep.",KOR,"School enrollment, primary (% gross)",SE.PRM.ENRR,99.7160110473633,98.6247100830078,98.6656723022461,99.6388168334961,99.217903137207,98.6079330444336,99.0050201416016,100.301467895508,..,..
"Korea, Rep.",KOR,"School enrollment, primary and secondary (gross), gender parity index (GPI)",SE.ENR.PRSC.FM.ZS,0.99481999874115,0.995310008525848,0.995530009269714,0.9964200258255,0.9964200258255,..,..,..,..,..
"Korea, Rep.",KOR,"School enrollment, secondary (% gross)",SE.SEC.ENRR,98.7179565429688,99.105583190918,99.3186569213867,98.3813018798828,97.0888214111328,98.0692291259766,97.8181304931641,96.2983932495117,..,..
"Korea, Rep.",KOR,Surface area (sq. km),AG.SRF.TOTL.K2,100339,100360,100380,100400,100410,100430,100440,100450,..,..
"Korea, Rep.",KOR,Tax revenue (% of GDP),GC.TAX.TOTL.GD.ZS,13.2783119459368,13.7554599782374,14.6942818655643,14.3348126572734,14.0112224318443,15.667386421853,17.1586747721333,14.5990999081076,..,..
"Korea, Rep.",KOR,Terrestrial and marine protected areas (% of total territorial area),ER.PTD.TOTL.ZS,3.9,3.9,4,5.5,5.8,5.9,5.9,5.9,5.8,..
"Korea, Rep.",KOR,"Total debt service (% of exports of goods, services and primary income)",DT.TDS.DECT.EX.ZS,..,..,..,..,..,..,..,..,..,..
"Korea, Rep.",KOR,Urban population growth (annual %),SP.URB.GROW,0.294442177400004,0.176819783376,0.324614738582841,0.23446131824481,-0.00264977014803655,-0.1463834679225,-0.186448252283125,0.080015675146798,0.0788732751905413,..
Mexico,MEX,"Adolescent fertility rate (births per 1,000 women ages 15-19)",SP.ADO.TFRT,66.136,64.486,63.447,63.359,62.577,62.033,61.111,60.099,..,..
Mexico,MEX,"Agriculture, forestry, and fishing, value added (% of GDP)",NV.AGR.TOTL.ZS,3.2462890783797,3.29751177575275,3.296959452726,3.31502440184845,3.71114888236172,3.78266528758294,3.89806570970786,3.83754974792513,3.72451065844835,..
Mexico,MEX,"Annual freshwater withdrawals, total (% of internal resources)",ER.H2O.FWTL.ZS,21.1679706601467,21.4767726161369,21.721271393643,21.8462102689487,21.8943765281174,21.9911980440098,21.9569682151589,..,..,..
Mexico,MEX,Births attended by skilled health staff (% of total),SH.STA.BRTC.ZS,98,96.6,..,..,..,..,..,..,..,..
Mexico,MEX,"Contraceptive prevalence, any method (% of married women ages 15-49)",SP.DYN.CONU.ZS,..,..,73.10006,..,..,..,..,71.8482508570646,..,..
Mexico,MEX,Domestic credit provided by financial sector (% of GDP),FS.AST.DOMS.GD.ZS,53.0504914826419,53.3342277001531,52.9432450497176,56.7237027966163,61.6028018700486,60.5159430473034,58.831471360773,58.4742894776893,63.00928003482,..
Mexico,MEX,Electric power consumption (kWh per capita),EG.USE.ELEC.KH.PC,2292.03193018292,2269.10754182229,2499.62048573796,2392.19041418722,2354.26835282225,2294.2518523653,2371.96646124361,2608.52187955737,..,..
Mexico,MEX,Energy use (kg of oil equivalent per capita),EG.USE.PCAP.KG.OE,1525.3837445098,1478.43896510686,1493.47882156246,1469.65350320528,1366.42722558757,1417.70559078908,1525.73516114419,1559.78994657193,..,..
Mexico,MEX,Exports of goods and services (% of GDP),NE.EXP.GNFS.ZS,36.8156772514808,37.5140886198874,39.0439304419331,38.5296507920009,39.2353720904115,40.5691932010194,42.9322902133702,36.0693951643755,36.7033688165177,..
Mexico,MEX,"External debt stocks, total (DOD, current US$)",DT.DOD.DECT.CD,544792453300,578638429804.9,602000702060.1,617449991504.4,616686384395,601471659897.8,585861539733.2,595981151218,591255026725,..
Mexico,MEX,"Fertility rate, total (births per woman)",SP.DYN.TFRT.IN,2.086,2.041,2.03,2.02,1.99,1.97,1.94,1.91,..,..
Mexico,MEX,"Foreign direct investment, net inflows (BoP, current US$)",BX.KLT.DINV.CD.WD,38902371602,33138670924,37867130066,29948988013,31539907143,35619468178,39187900956,30704328031,45467026968,..
Mexico,MEX,Forest area (sq. km),AG.LND.FRST.K2,662031.5,660753.8,659480,658200,656920,655640,654370,653087.841,..,..
Mexico,MEX,GDP (current US$),NY.GDP.MKTP.CD,1112233497452.7,1190721475906,1256300182879.73,1304106203902.45,1121064767308.42,1316569466685.95,1466934724293.06,1798317581486.88,1856365616165.94,..
Mexico,MEX,GDP growth (annual %),NY.GDP.MKTP.KD.ZG,1.77249323845399,1.87172853327193,1.97208209405635,-0.392690505066824,-8.35403458167995,6.0484834621255,3.70975709163623,3.35354140652768,1.42742769080466,..
Mexico,MEX,"GNI per capita, Atlas method (current US$)",NY.GNP.PCAP.CD,9740,9270,9560,9860,8920,9880,10730,12020,12850,..
Mexico,MEX,"GNI per capita, PPP (current international $)",NY.GNP.PCAP.PP.CD,19580,19970,20380,20370,18730,20250,22600,24620,25460,..
Mexico,MEX,"GNI, Atlas method (current US$)",NY.GNP.ATLS.CD,1190381172086.54,1143310436797.59,1191161317228.85,1240366188553.61,1130586047283,1261065448467.65,1380053978894.63,1559423549096.79,1681001982991.45,..
Mexico,MEX,"GNI, PPP (current international $)",NY.GNP.MKTP.PP.CD,2393565436264.06,2464263194964.25,2538887671170.26,2562369414545.99,2375240560792.58,2584308612178.86,2906679541922.72,3193764865425.72,3332347221647.99,..
Mexico,MEX,Gross capital formation (% of GDP),NE.GDI.TOTL.ZS,24.3433923355958,23.8923507095274,23.47749306333,22.1485426373991,20.2366593506907,21.7074939343756,22.7701948909454,23.8945184286558,24.1235135559623,..
Mexico,MEX,High-technology exports (% of manufactured exports),TX.VAL.TECH.MF.ZS,20.6541116351274,21.1680967750153,20.8917456407643,20.4068584131191,21.5074249745377,19.8113406398377,20.5343692257849,17.7318284670198,19.3033812138817,..
Mexico,MEX,"Immunization, measles (% of children ages 12-23 months)",SH.IMM.MEAS,97,76,97,73,92,99,86,76,80,..
Mexico,MEX,Imports of goods and services (% of GDP),NE.IMP.GNFS.ZS,38.8746261573743,39.438037420838,41.1687312149645,38.9323214651119,37.6191836151901,42.5001044347701,45.8661953733484,37.509466472149,37.8855391659966,..
Mexico,MEX,Income share held by lowest 20%,SI.DST.FRST.20,5,..,5.2,..,5.3,..,5.6,..,..,..
Mexico,MEX,"Industry (including construction), value added (% of GDP)",NV.IND.TOTL.ZS,30.6167913981452,31.9586846731805,32.0438654533728,31.8382961395485,30.9999803907609,31.9695289853652,33.1638305245733,32.6059323521063,31.7777432689428,..
Mexico,MEX,"Inflation, GDP deflator (annual %)",NY.GDP.DEFL.KD.ZG,6.07758782303863,6.56759492961866,5.20449997881845,4.31901022798927,4.61979013292664,4.48797272739507,6.66664947468669,4.65385406168295,4.9050733641935,..
Mexico,MEX,"Life expectancy at birth, total (years)",SP.DYN.LE00.IN,74.376,74.261,74.301,74.53,70.449,69.75,73.973,75.069,..,..
Mexico,MEX,Merchandise trade (% of GDP),TG.VAL.TOTL.GD.ZS,69.3622338984454,70.6808449355994,73.8317173427332,71.1385312962896,72.2927901789132,77.2768946678518,82.0774080850963,67.5342894104302,67.9324153075282,..
Mexico,MEX,Military expenditure (% of GDP),MS.MIL.XPND.GD.ZS,0.480046272445401,0.424849155540147,0.464611544931539,0.509337628297564,0.717690608258695,0.659404192954647,0.685819352028866,0.660371879752505,0.893257529320534,..
Mexico,MEX,Mobile cellular subscriptions (per 100 people),IT.CEL.SETS.P2,91.3942,92.6494,96.4612,97.0359,96.9237,99.0948,105.713,111.562,..,..
Mexico,MEX,"Mortality rate, under-5 (per 1,000 live births)",SH.DYN.MORT,15.7,15.2,14.7,14.2,13.8,13.3,12.9,12.5,..,..
Mexico,MEX,Net barter terms of trade index (2015 = 100),TT.PRI.MRCH.XD.WD,103.2,102.7,102,105.2,107.9,103.5,98.9,101,..,..
Mexico,MEX,Net migration,SM.POP.NETM,-304472,-227499,-175356,-169628,-147456,-122791,-108438,-101044,-104581,-108037
Mexico,MEX,Net official development assistance and official aid received (current US$),DT.ODA.ALLD.CD,809336181.640625,754608337.402344,549208068.847656,526257812.5,794995605.46875,564826477.050781,496684570.3125,451662292.480469,..,..
Mexico,MEX,"Personal remittances, received (current US$)",BX.TRF.PWKR.CD.DT,29328819630,32922876924,36526305945,39833517538,43977653965,55067029560,61457717975,66237847600,67637913797,..
Mexico,MEX,Population density (people per sq. km of land area),EN.POP.DNST,62.8881149206513,63.4790282671879,64.0827752771419,64.6945559299365,65.227528485815,65.664316469045,66.1607124668844,66.7402757272564,..,..
Mexico,MEX,Population growth (annual %),SP.POP.GROW,0.969124204799117,0.935239396499786,0.9466023549862,0.950144329831411,0.820454117563552,0.66740537533078,0.753116988604166,0.872178517508623,0.860515443690537,..
Mexico,MEX,"Population, total",SP.POP.TOTL,122251351,123400057,124573711,125762982,126799054,127648148,128613117,129739759,130861007,..
Mexico,MEX,Poverty headcount ratio at $3.00 a day (2021 PPP) (% of population),SI.POV.DDAY,4.4,..,3.9,..,4.3,..,2.3,..,..,..
Mexico,MEX,Poverty headcount ratio at national poverty lines (% of population),SI.POV.NAHC,43.2,..,41.9,..,43.9,..,36.3,..,29.6,..
Mexico,MEX,"Prevalence of HIV, total (% of population ages 15-49)",SH.DYN.AIDS.ZS,0.4,0.4,0.4,0.4,0.4,0.4,0.4,0.4,0.5,..
Mexico,MEX,"Prevalence of underweight, weight for age (% of children under 5)",SH.STA.MALN.ZS,4.2,..,..,4.7,4.6,4.2,4.2,..,..,..
Mexico,MEX,"Primary completion rate, total (% of relevant age group)",SE.PRM.CMPT.ZS,104.702178955078,104.324859619141,102.369117736816,102.47265625,102.597717285156,102.820198059082,102.239273071289,103.764976501465,..,..
Mexico,MEX,"Revenue, excluding grants (% of GDP)",GC.REV.XGRT.GD.ZS,19.1915888767099,19.4469058448378,18.3342427397029,18.519167062902,18.6445328292561,18.3430886499068,19.2711611460256,19.0449981031982,..,..
Mexico,MEX,"School enrollment, primary (% gross)",SE.PRM.ENRR,106.391220092773,105.797607421875,105.188163757324,105.095039367676,104.517730712891,103.358810424805,102.004783630371,101.420753479004,..,..
Mexico,MEX,"School enrollment, primary and secondary (gross), gender parity index (GPI)",SE.ENR.PRSC.FM.ZS,1.03638005256653,1.0391800403595,1.04627001285553,1.05191004276276,1.05410003662109,..,..,..,..,..
Mexico,MEX,"School enrollment, secondary (% gross)",SE.SEC.ENRR,102.871368408203,105.11018371582,105.964653015137,105.515609741211,102.58154296875,98.3202514648438,98.3576583862305,102.055458068848,..,..
Mexico,MEX,Surface area (sq. km),AG.SRF.TOTL.K2,1964375,1964375,1964380,1964380,1960647.2,1960647.2,1959142.3,1957193.9,..,..
Mexico,MEX,Tax revenue (% of GDP),GC.TAX.TOTL.GD.ZS,13.1237856088608,12.6874317266309,12.7121572965033,12.7877486080424,13.8975134533104,13.4112621210704,13.4041093602603,14.1935866614195,..,..
Mexico,MEX,Terrestrial and marine protected areas (% of total territorial area),ER.PTD.TOTL.ZS,19.1,19.1,18.9,18.9,18.9,18.9,19,19,19.9,..
Mexico,MEX,"Total debt service (% of exports of goods, services and primary income)",DT.TDS.DECT.EX.ZS,18.8534358233458,14.2819574213038,11.6218684544373,13.3021139066279,15.7359205334234,14.4748436269398,8.6120372079918,8.14585545015927,9.51997025016336,..
Mexico,MEX,Urban population growth (annual %),SP.URB.GROW,1.29263408673132,1.29639194599228,1.34009770164304,1.37072941424281,1.23052761321089,0.990278035419992,1.09116644258604,1.21730400929993,1.2127000253117,..
Netherlands,NLD,"Adolescent fertility rate (births per 1,000 women ages 15-19)",SP.ADO.TFRT,2.961,2.772,2.603,2.505,2.355,2.227,2.071,1.858,..,..
Netherlands,NLD,"Agriculture, forestry, and fishing, value added (% of GDP)",NV.AGR.TOTL.ZS,1.86399139098136,1.96787421373596,1.75987236955923,1.7588069903961,1.73737205482673,1.65464640233302,1.64194723390554,1.75149243000648,1.72968455863421,..
Netherlands,NLD,"Annual freshwater withdrawals, total (% of internal resources)",ER.H2O.FWTL.ZS,72.94,71.9654545454545,73.5472727272727,76.3945454545455,75.5090909090909,72.2381818181818,74.8572727272727,..,..,..
Netherlands,NLD,Births attended by skilled health staff (% of total),SH.STA.BRTC.ZS,..,..,..,..,..,..,..,..,..,..
Netherlands,NLD,"Contraceptive prevalence, any method (% of married women ages 15-49)",SP.DYN.CONU.ZS,..,..,..,..,..,..,..,..,..,..
Netherlands,NLD,Domestic credit provided by financial sector (% of GDP),FS.AST.DOMS.GD.ZS,..,..,..,..,..,..,..,..,..,..
Netherlands,NLD,Electric power consumption (kWh per capita),EG.USE.ELEC.KH.PC,6731.46719432184,6727.97901571486,6790.77027214614,6757.32784222013,6643.57996731932,6708.8179325849,6352.07696386562,6189.0851863866,..,..
Netherlands,NLD,Energy use (kg of oil equivalent per capita),EG.USE.PCAP.KG.OE,4352.44653138733,4365.20385335267,4251.16716726453,4129.40909477343,3975.37813564997,4057.79129205731,3570.12031994399,3418.13670132261,..,..
Netherlands,NLD,Exports of goods and services (% of GDP),NE.EXP.GNFS.ZS,80.9095011629118,85.1795472131327,87.0564594492635,85.3209394926528,81.2415259478997,86.4500028041052,96.4436215813729,87.4860612893795,82.4303604853273,..
Netherlands,NLD,"External debt stocks, total (DOD, current US$)",DT.DOD.DECT.CD,..,..,..,..,..,..,..,..,..,..
Netherlands,NLD,"Fertility rate, total (births per woman)",SP.DYN.TFRT.IN,1.66,1.62,1.59,1.57,1.54,1.62,1.49,1.43,..,..
Netherlands,NLD,"Foreign direct investment, net inflows (BoP, current US$)",BX.KLT.DINV.CD.WD,277348123316.99,201143110342.962,-285034722651.706,-127784845859.2,-220886475395.815,-115702946625.041,15457596582.8886,-343402798888.19,-17058018836.8683,..
Netherlands,NLD,Forest area (sq. km),AG.LND.FRST.K2,3657.6,3667,3676.3,3685.7,3695,3704.367,3713.689,3723.041,..,..
Netherlands,NLD,GDP (current US$),NY.GDP.MKTP.CD,797163949289.885,848233537845.884,929733599796.862,928903005576.469,932560861701.17,1054472123449.6,1046540797548.64,1135475867551,1214927698572.66,..
Netherlands,NLD,GDP growth (annual %),NY.GDP.MKTP.KD.ZG,2.42428572955482,2.78154619309936,2.2587403735731,2.30009157916757,-3.86795333823223,6.2768306708326,5.00723455159611,-0.598096167209832,1.08100584845663,..
Netherlands,NLD,"GNI per capita, Atlas method (current US$)",NY.GNP.PCAP.CD,46960,46710,51290,52940,51490,59560,62110,62550,62520,..
Netherlands,NLD,"GNI per capita, PPP (current international $)",NY.GNP.PCAP.PP.CD,51590,55010,58460,60990,60640,69410,77470,81050,84970,..
Netherlands,NLD,"GNI, Atlas method (current US$)",NY.GNP.ATLS.CD,799787769287.227,800280601523.059,883725026849.87,918225133176.705,898106712459.421,1044233318810.87,1099444058955.91,1118270256743.41,1124891328436.31,..
Netherlands,NLD,"GNI, PPP (current international $)",NY.GNP.MKTP.PP.CD,878515000352.003,942466278846.769,1007315123199.7,1057831777503.52,1057731189524.86,1216902775998.43,1371325815505.1,1448880860003.15,1528882607785.15,..
Netherlands,NLD,Gross capital formation (% of GDP),NE.GDI.TOTL.ZS,19.7764432256049,20.2151929584837,20.4804432515785,21.7580356895369,21.3519779830807,22.1938197521171,22.8632951641142,20.0805040885297,19.6654844408571,..
Netherlands,NLD,High-technology exports (% of manufactured exports),TX.VAL.TECH.MF.ZS,24.0087404866077,22.9219025245367,22.5132061163246,23.0482346929973,23.1639760853804,22.0023211908273,21.9578380124342,23.7850619402623,23.4680052763745,..
Netherlands,NLD,"Immunization, measles (% of children ages 12-23 months)",SH.IMM.MEAS,94,93,93,94,94,93,89,89,89,..
Netherlands,NLD,Imports of goods and services (% of GDP),NE.IMP.GNFS.ZS,70.0560280487382,74.4665124437146,76.5026871237804,75.3557323923463,70.9917044618066,76.7048398855925,87.6638626713087,77.5443681895531,71.4002916810324,..
Netherlands,NLD,Income share held by lowest 20%,SI.DST.FRST.20,8.8,8.8,8.9,8.6,9.2,9.4,..,..,..,..
Netherlands,NLD,"Industry (including construction), value added (% of GDP)",NV.IND.TOTL.ZS,16.9640712326865,17.1210117451832,17.3241048530815,17.1127557495056,17.3794770859182,17.7061297739891,18.6563965305589,18.1639849428596,17.5234908357454,..
Netherlands,NLD,"Inflation, GDP deflator (annual %)",NY.GDP.DEFL.KD.ZG,0.565543760069971,1.43932706656167,2.53340289331616,3.02788370008784,2.35573022306261,2.74734329748038,6.15557496508328,6.30210666993382,5.74421691332891,..
Netherlands,NLD,"Life expectancy at birth, total (years)",SP.DYN.LE00.IN,81.5609756097561,81.7609756097561,81.8121951219512,82.1121951219512,81.3585365853659,81.309756097561,81.6146341463415,81.9146341463415,..,..
Netherlands,NLD,Merchandise trade (% of GDP),TG.VAL.TOTL.GD.ZS,134.401838035251,144.619488061657,147.590557155277,144.716293512879,136.154545204029,151.489258414365,177.748254473905,156.650885398065,142.828417035734,..
Netherlands,NLD,Military expenditure (% of GDP),MS.MIL.XPND.GD.ZS,1.14449960079147,1.13721447777951,1.1961416179648,1.29180842332848,1.40607718904592,1.36537490886658,1.30419995572639,1.44136515676766,1.91642541759119,..
Netherlands,NLD,Mobile cellular subscriptions (per 100 people),IT.CEL.SETS.P2,121.42,118.577,121.162,124.088,121.423,123.448,115.821,117.352,..,..
Netherlands,NLD,"Mortality rate, under-5 (per 1,000 live births)",SH.DYN.MORT,4.1,4,4,4,4,4,4,4,..,..
Netherlands,NLD,Net barter terms of trade index (2015 = 100),TT.PRI.MRCH.XD.WD,100.7,99.9,99.8,99.7,98.7,96.8,93,95.7,..,..
Netherlands,NLD,Net migration,SM.POP.NETM,88743,86332,87197,109003,67598,106416,224472,144558,121628,104681
Netherlands,NLD,Net official development assistance and official aid received (current US$),DT.ODA.ALLD.CD,..,..,..,..,..,..,..,..,..,..
Netherlands,NLD,"Personal remittances, received (current US$)",BX.TRF.PWKR.CD.DT,3206127086.21863,3417061015.25343,3724082171.56593,3673480764.58329,3622290491.69462,3956821808.58585,3808155129.88367,4272993063.9357,4719400104.5275,..
Netherlands,NLD,Population density (people per sq. km of land area),EN.POP.DNST,505.800831600832,508.8,511.779744579745,515.143272943273,518.013068013068,520.731927531928,525.719691119691,530.950905850906,..,..
Netherlands,NLD,Population growth (annual %),SP.POP.GROW,0.532178879608489,0.591203366164118,0.583933408920832,0.65507157480522,0.55554079025497,0.523490508168757,0.953278922854537,0.990139686700227,0.648823280021657,..
Netherlands,NLD,"Population, total",SP.POP.TOTL,17030314,17131296,17231624,17344874,17441500,17533044,17700982,17877117,17993485,..
Netherlands,NLD,Poverty headcount ratio at $3.00 a day (2021 PPP) (% of population),SI.POV.DDAY,0.1,0.2,0.1,0.1,0,0.1,..,..,..,..
Netherlands,NLD,Poverty headcount ratio at national poverty lines (% of population),SI.POV.NAHC,13.2,13.3,13.2,13.4,14.4,14.5,..,..,..,..
Netherlands,NLD,"Prevalence of HIV, total (% of population ages 15-49)",SH.DYN.AIDS.ZS,0.2,0.2,0.2,0.2,0.2,0.2,0.2,0.1,..,..
Netherlands,NLD,"Prevalence of underweight, weight for age (% of children under 5)",SH.STA.MALN.ZS,..,..,..,..,..,..,..,..,..,..
Netherlands,NLD,"Primary completion rate, total (% of relevant age group)",SE.PRM.CMPT.ZS,..,..,..,..,..,..,..,..,..,..
Netherlands,NLD,"Revenue, excluding grants (% of GDP)",GC.REV.XGRT.GD.ZS,39.4819314749887,39.5435373524527,39.5038315806588,39.5897884586878,39.8403846836905,39.4413100779541,39.1672536274174,39.4469081535386,..,..
Netherlands,NLD,"School enrollment, primary (% gross)",SE.PRM.ENRR,105.680366516113,105.039421081543,104.561111450195,104.578910827637,104.338813781738,104.378402709961,104.215446472168,104.15657043457,..,..
Netherlands,NLD,"School enrollment, primary and secondary (gross), gender parity index (GPI)",SE.ENR.PRSC.FM.ZS,1.00922000408173,1.00758004188538,1.00550997257233,1.0064799785614,1.0083099603653,..,..,..,..,..
Netherlands,NLD,"School enrollment, secondary (% gross)",SE.SEC.ENRR,112.994277954102,115.225227355957,114.50032043457,114.804168701172,136.284164428711,135.962173461914,138.767501831055,137.514724731445,..,..
Netherlands,NLD,Surface area (sq. km),AG.SRF.TOTL.K2,41540,41540,41540,41540,41540,41540,41540,41540,..,..
Netherlands,NLD,Tax revenue (% of GDP),GC.TAX.TOTL.GD.ZS,22.3479015517062,23.0613921884343,22.9523938963993,23.575774886203,23.9228232020312,24.3086759015198,23.898794550321,25.2540392502664,..,..
Netherlands,NLD,Terrestrial and marine protected areas (% of total territorial area),ER.PTD.TOTL.ZS,17.9,21.2,21.2,25.3,25.3,25.3,25.3,25.3,29.8,..
Netherlands,NLD,"Total debt service (% of exports of goods, services and primary income)",DT.TDS.DECT.EX.ZS,..,..,..,..,..,..,..,..,..,..
Netherlands,NLD,Urban population growth (annual %),SP.URB.GROW,0.865644493440718,1.18739056358927,2.19970048875043,2.03159162127433,0.94187132064814,0.921884889970005,1.32892378872984,1.34383405465347,0.98132856285037,..
Russian Federation,RUS,"Adolescent fertility rate (births per 1,000 women ages 15-19)",SP.ADO.TFRT,21.857,18.242,16.031,14.271,13.801,13.565,13.163,12.974,..,..
Russian Federation,RUS,"Agriculture, forestry, and fishing, value added (% of GDP)",NV.AGR.TOTL.ZS,3.84021728459951,3.55363208990976,3.3942533806976,3.53030291392166,4.00635163401546,3.67156378990517,3.42029353612808,2.97223589780661,2.74357243387426,..
Russian Federation,RUS,"Annual freshwater withdrawals, total (% of internal resources)",ER.H2O.FWTL.ZS,1.50255102040816,1.49373840445269,1.50324675324675,1.50324675324675,1.50324675324675,1.50324675324675,1.50324675324675,..,..,..
Russian Federation,RUS,Births attended by skilled health staff (% of total),SH.STA.BRTC.ZS,99.7,99.7,99.7,99.7,99.6,..,..,..,..,..
Russian Federation,RUS,"Contraceptive prevalence, any method (% of married women ages 15-49)",SP.DYN.CONU.ZS,..,..,..,..,..,..,..,..,..,..
Russian Federation,RUS,Domestic credit provided by financial sector (% of GDP),FS.AST.DOMS.GD.ZS,..,76.173779985889,71.3147059984576,70.851960389861,86.1587077981127,..,..,..,..,..
Russian Federation,RUS,Electric power consumption (kWh per capita),EG.USE.ELEC.KH.PC,6683.60463084419,6734.1871192098,6873.34950566688,6902.44952931316,6770.33287198,7186.67544355845,7184.42203703818,..,..,..
Russian Federation,RUS,Energy use (kg of oil equivalent per capita),EG.USE.PCAP.KG.OE,4917.54083897618,4999.07990773733,5259.90837585133,5065.14820867318,5044.85366917672,5681.39248037781,5601.08435085175,..,..,..
Russian Federation,RUS,Exports of goods and services (% of GDP),NE.EXP.GNFS.ZS,25.8544829769167,26.0908809797568,30.7932568020743,28.4334306799759,25.5221855113549,30.0024195364041,27.7203033526803,22.4927119538767,21.91660028345,..
Russian Federation,RUS,"External debt stocks, total (DOD, current US$)",DT.DOD.DECT.CD,535225173047.3,519202537324.6,477785389198.2,485793305491.7,460933940334.8,472158073713,376117000821.9,..,..,..
Russian Federation,RUS,"Fertility rate, total (births per woman)",SP.DYN.TFRT.IN,1.762,1.621,1.579,1.504,1.505,1.505,1.416,1.41,..,..
Russian Federation,RUS,"Foreign direct investment, net inflows (BoP, current US$)",BX.KLT.DINV.CD.WD,32538900000,28557440000,8784850000,31974770000,9478810000,40450000000,-39800944226.9805,-10045120000,-9350250000,..
Russian Federation,RUS,Forest area (sq. km),AG.LND.FRST.K2,8151210,8153120,8153120,8153120,8153120,8153120,8153120,8153120,..,..
Russian Federation,RUS,GDP (current US$),NY.GDP.MKTP.CD,1276786350881.14,1574199360089,1657328773461.31,1693115002708.32,1493075894362.14,1829186719575.1,2291612121334.64,2071505725030.58,2173835806671.66,..
Russian Federation,RUS,GDP growth (annual %),NY.GDP.MKTP.KD.ZG,0.193690071260534,1.82579006401834,2.80724541059601,2.19807571335009,-2.65365450102773,5.86649177292595,-1.43588213859842,4.08252481259281,4.34437475491529,..
Russian Federation,RUS,"GNI per capita, Atlas method (current US$)",NY.GNP.PCAP.CD,9680,9160,10180,11190,10660,11710,12890,14460,15320,..
Russian Federation,RUS,"GNI per capita, PPP (current international $)",NY.GNP.PCAP.PP.CD,23340,25090,27930,29990,30750,37730,40100,43690,46780,..
Russian Federation,RUS,"GNI, Atlas method (current US$)",NY.GNP.ATLS.CD,1426946310645.5,1352318548308.84,1505175092176.55,1655618273843.35,1575000056326.19,1724054546307.45,1891217090352.03,2115823992944.81,2236147772037.87,..
Russian Federation,RUS,"GNI, PPP (current international $)",NY.GNP.MKTP.PP.CD,3440587138811.77,3705398029014.95,4128705266499.84,4434790959251.04,4542377364597.36,5554500399718.39,5882773544979.76,6392533889173.41,6830553630733.08,..
Russian Federation,RUS,Gross capital formation (% of GDP),NE.GDI.TOTL.ZS,23.0954224731096,23.6067558621651,21.9180891512463,22.6615137722235,23.4558291480158,23.0093392226061,23.2028710254613,27.0076136288036,26.2988564685306,..
Russian Federation,RUS,High-technology exports (% of manufactured exports),TX.VAL.TECH.MF.ZS,15.7901190501232,12.3246991949294,11.3552822642706,12.9053155381414,9.19363897787208,9.72984772707015,..,..,..,..
Russian Federation,RUS,"Immunization, measles (% of children ages 12-23 months)",SH.IMM.MEAS,98,98,98,98,97,97,97,97,97,..
Russian Federation,RUS,Imports of goods and services (% of GDP),NE.IMP.GNFS.ZS,20.6636368626929,20.7856433573743,20.7876435683221,20.7953229819275,20.4447226915578,20.5837759257711,15.0624830768008,18.3416144566506,17.5915644825897,..
Russian Federation,RUS,Income share held by lowest 20%,SI.DST.FRST.20,6.2,6.5,6.7,6.7,7.4,6.9,7.5,7.7,..,..
Russian Federation,RUS,"Industry (including construction), value added (% of GDP)",NV.IND.TOTL.ZS,29.1739050669208,30.6732968853437,32.5542980530841,32.1504958365379,29.7171245814295,31.7859991548592,32.2301435685138,30.4081329218998,30.7201326538798,..
Russian Federation,RUS,"Inflation, GDP deflator (annual %)",NY.GDP.DEFL.KD.ZG,2.84422269802643,5.34981508767618,9.99797671148308,3.26313281881684,0.898246027195242,18.2091007441068,18.1846892616618,7.99857099742052,9.27567104020601,..
Russian Federation,RUS,"Life expectancy at birth, total (years)",SP.DYN.LE00.IN,71.6512195121951,72.4514634146342,72.6621951219512,73.0839024390244,71.3387804878049,69.900243902439,72.5456097560976,73.2546341463415,..,..
Russian Federation,RUS,Merchandise trade (% of GDP),TG.VAL.TOTL.GD.ZS,37.062034668011,37.5636666480774,41.8003965835433,39.7844800218834,38.4185426987324,43.4732546158393,37.9028366935907,35.1355533902401,33.7291343600887,..
Russian Federation,RUS,Military expenditure (% of GDP),MS.MIL.XPND.GD.ZS,5.42514770504505,4.24899605173948,3.71982243956434,3.86033750437073,4.14471713241985,3.57591678846302,4.60728884010235,5.40231844120686,7.05233864500366,..
Russian Federation,RUS,Mobile cellular subscriptions (per 100 people),IT.CEL.SETS.P2,157.174,155.486,156.683,163.646,163.101,169.073,168.476,180.842,..,..
Russian Federation,RUS,"Mortality rate, under-5 (per 1,000 live births)",SH.DYN.MORT,7.5,6.9,6.3,5.8,5.4,5.1,4.7,4.5,..,..
Russian Federation,RUS,Net barter terms of trade index (2015 = 100),TT.PRI.MRCH.XD.WD,81.5,92.2,108.1,109.3,89.2,115.2,135.5,114.6,..,..
Russian Federation,RUS,Net migration,SM.POP.NETM,447645,396619,339972,336494,334094,314112,765629,27807,-178042,-251822
Russian Federation,RUS,Net official development assistance and official aid received (current US$),DT.ODA.ALLD.CD,..,..,..,..,..,..,..,..,..,..
Russian Federation,RUS,"Personal remittances, received (current US$)",BX.TRF.PWKR.CD.DT,6688670000,8235000000,9287270000,10432480000,9914970000,9646920000,3245171006.3563,2616450000,1907830000,..
Russian Federation,RUS,Population density (people per sq. km of land area),EN.POP.DNST,8.85489473873823,8.87185768709161,8.87825976514438,8.88162945666663,8.86891988517952,8.83848757424343,8.80735653394086,8.78227219242749,..,..
Russian Federation,RUS,Population growth (annual %),SP.POP.GROW,0.258751057379474,0.191382528772924,0.0721356165400605,0.037947213753429,-0.143202031827637,-0.343724409889771,-0.352843110363082,-0.285217600763343,-0.203423663777625,..
Russian Federation,RUS,"Population, total",SP.POP.TOTL,145015460,145293260,145398106,145453291,145245148,144746762,144236933,143826130,143533851,..
Russian Federation,RUS,Poverty headcount ratio at $3.00 a day (2021 PPP) (% of population),SI.POV.DDAY,0.4,0.4,0.2,0.3,0.1,0.2,0.1,0.1,..,..
Russian Federation,RUS,Poverty headcount ratio at national poverty lines (% of population),SI.POV.NAHC,13.3,13.2,12.6,12.3,12.1,..,..,..,..,..
Russian Federation,RUS,"Prevalence of HIV, total (% of population ages 15-49)",SH.DYN.AIDS.ZS,..,..,..,..,..,..,..,..,..,..
Russian Federation,RUS,"Prevalence of underweight, weight for age (% of children under 5)",SH.STA.MALN.ZS,..,..,..,..,..,..,..,..,..,..
Russian Federation,RUS,"Primary completion rate, total (% of relevant age group)",SE.PRM.CMPT.ZS,94.9354115909758,..,99.5994932363399,100.024342021158,..,..,..,..,..,..
Russian Federation,RUS,"Revenue, excluding grants (% of GDP)",GC.REV.XGRT.GD.ZS,24.2684308208386,24.4845856851678,27.5163963231875,27.4804517541099,27.6767173115632,26.5756609925752,27.0035017836906,28.7334121058827,..,..
Russian Federation,RUS,"School enrollment, primary (% gross)",SE.PRM.ENRR,98.3341307364642,100.767602587422,102.018364437962,101.832335105065,101.731047648404,100.890349270112,100.122558846483,97.7462041476013,..,..
Russian Federation,RUS,"School enrollment, primary and secondary (gross), gender parity index (GPI)",SE.ENR.PRSC.FM.ZS,0.991859972476959,0.983160018920898,0.977890014648438,0.979820013046265,..,..,..,..,..,..
Russian Federation,RUS,"School enrollment, secondary (% gross)",SE.SEC.ENRR,95.8434944997854,97.5206298303399,99.1831046517789,100.471744682473,91.5812884026933,92.171155276901,92.7729443625069,92.4840470838527,..,..
Russian Federation,RUS,Surface area (sq. km),AG.SRF.TOTL.K2,17098250,17098250,17098250,17098250,17125190,17125190,17125190,17125190,..,..
Russian Federation,RUS,Tax revenue (% of GDP),GC.TAX.TOTL.GD.ZS,9.18312209969854,10.2884056740183,11.4687676015317,10.938399737976,10.7991196203537,11.6966312097742,10.847869154279,12.0728013906636,..,..
Russian Federation,RUS,Terrestrial and marine protected areas (% of total territorial area),ER.PTD.TOTL.ZS,7.6,7.6,7.6,7.6,8.6,8.6,8.6,8.6,8.6,..
Russian Federation,RUS,"Total debt service (% of exports of goods, services and primary income)",DT.TDS.DECT.EX.ZS,25.0615584553868,17.7477650917829,19.5907816795631,17.9638207856384,25.830948676854,15.8967213886921,14.9742398829144,12.7444779701583,11.3520494753528,..
Russian Federation,RUS,Urban population growth (annual %),SP.URB.GROW,0.385757419294273,0.311953191766694,0.185227645677902,0.142519224434736,-0.0481880641867905,-0.265484886158326,-0.215408008986696,-0.117012537246107,-0.0283196242809465,..
Saudi Arabia,SAU,"Adolescent fertility rate (births per 1,000 women ages 15-19)",SP.ADO.TFRT,14.963,14.657,14.249,12.803,11.266,10.467,10.29,11.114,..,..
Saudi Arabia,SAU,"Agriculture, forestry, and fishing, value added (% of GDP)",NV.AGR.TOTL.ZS,2.91802299444676,2.83525700890872,2.41396154385256,2.45384656461481,2.95556974627207,2.44812792691627,2.21479159080364,2.457692991125,2.53573305211338,..
Saudi Arabia,SAU,"Annual freshwater withdrawals, total (% of internal resources)",ER.H2O.FWTL.ZS,929.583333333333,955.958333333333,974.166666666667,974.166666666667,974.166666666667,974.166666666667,974.166666666667,..,..,..
Saudi Arabia,SAU,Births attended by skilled health staff (% of total),SH.STA.BRTC.ZS,98,99.7,99.4,94.8,..,..,..,..,..,..
Saudi Arabia,SAU,"Contraceptive prevalence, any method (% of married women ages 15-49)",SP.DYN.CONU.ZS,24.6463703881643,..,..,27.6,..,..,..,39.9921873361432,..,..
Saudi Arabia,SAU,Domestic credit provided by financial sector (% of GDP),FS.AST.DOMS.GD.ZS,..,..,..,..,..,..,..,..,..,..
Saudi Arabia,SAU,Electric power consumption (kWh per capita),EG.USE.ELEC.KH.PC,11051.2312417204,11201.0854380563,11788.3059837733,11871.75313406,11356.6876296054,12069.9836667183,11835.3177587823,..,..,..
Saudi Arabia,SAU,Energy use (kg of oil equivalent per capita),EG.USE.PCAP.KG.OE,7521.58911581712,7707.05632967392,7650.66372475004,7668.22165933444,7170.88694947248,7465.87573152761,7529.60103058863,..,..,..
Saudi Arabia,SAU,Exports of goods and services (% of GDP),NE.EXP.GNFS.ZS,29.1430897114591,32.3625378991189,35.5209831625769,32.159204977113,23.8098115262185,29.1556614026837,35.9850098955522,30.2425196271434,29.1092122693749,..
Saudi Arabia,SAU,"External debt stocks, total (DOD, current US$)",DT.DOD.DECT.CD,..,..,..,..,..,..,..,..,..,..
Saudi Arabia,SAU,"Fertility rate, total (births per woman)",SP.DYN.TFRT.IN,2.65,2.67,2.67,2.49,2.27,2.17,2.14,2.28,..,..
Saudi Arabia,SAU,"Foreign direct investment, net inflows (BoP, current US$)",BX.KLT.DINV.CD.WD,21954833889.956,1014062501.14036,12141122232.9039,3079217251.32355,1621264195.43532,28350373333.3333,26710062133.3333,22803498160.5828,21337562069.6656,..
Saudi Arabia,SAU,Forest area (sq. km),AG.LND.FRST.K2,9770,9770,9770,9770,9770,9770,9770,9770,..,..
Saudi Arabia,SAU,GDP (current US$),NY.GDP.MKTP.CD,689279466666.667,741266133333.333,886564800000,888890133333.333,767951200000,982661066666.667,1239075200000,1218584533333.33,1239804533333.33,..
Saudi Arabia,SAU,GDP growth (annual %),NY.GDP.MKTP.KD.ZG,1.70404739202878,1.18210705878283,3.2269508901591,1.65158925617395,-3.80478901996312,6.51959698325419,12.0005874752929,0.542592439393161,1.99650173436159,..
Saudi Arabia,SAU,"GNI per capita, Atlas method (current US$)",NY.GNP.PCAP.CD,23940,23130,26570,29140,26940,30480,35110,36330,35630,..
Saudi Arabia,SAU,"GNI per capita, PPP (current international $)",NY.GNP.PCAP.PP.CD,51050,53970,59930,60110,48210,63440,72470,72020,71730,..
Saudi Arabia,SAU,"GNI, Atlas method (current US$)",NY.GNP.ATLS.CD,741069466022.265,716651129522.097,802358599850.711,875913448337.624,849879101967.349,938247510335.032,1129698327304.53,1224259392155.49,1257849411143.91,..
Saudi Arabia,SAU,"GNI, PPP (current international $)",NY.GNP.MKTP.PP.CD,1580191818012.66,1671908742590.68,1809520870407.34,1807034419579.96,1521224114374.55,1952887776474.82,2331662827115.06,2427191836713.09,2531970531758.81,..
Saudi Arabia,SAU,Gross capital formation (% of GDP),NE.GDI.TOTL.ZS,28.1170520868555,25.4757265766537,22.3727056762612,25.5522842268021,23.3158218039549,26.3426467287873,26.5159908508109,29.2016398479372,30.2367878635492,..
Saudi Arabia,SAU,High-technology exports (% of manufactured exports),TX.VAL.TECH.MF.ZS,1.30537351092227,0.734713774616693,0.544773695868422,0.644531120548462,0.605067588286761,0.305715240109385,0.29527343068195,0.590629141767828,0.544002126713625,..
Saudi Arabia,SAU,"Immunization, measles (% of children ages 12-23 months)",SH.IMM.MEAS,98,96,98,95,96,98,98,97,96,..
Saudi Arabia,SAU,Imports of goods and services (% of GDP),NE.IMP.GNFS.ZS,28.7785737995774,27.169441258704,23.5819273071372,24.6346155115383,23.7233476988295,21.728264937195,20.839154879381,23.9264922012249,25.5694929974983,..
Saudi Arabia,SAU,Income share held by lowest 20%,SI.DST.FRST.20,..,..,..,..,..,..,..,..,..,..
Saudi Arabia,SAU,"Industry (including construction), value added (% of GDP)",NV.IND.TOTL.ZS,42.5305962013279,44.8899324686986,49.0147439495304,45.7234459871756,38.3004545080469,45.957331100123,53.1237705884733,47.6053309500947,44.9344380522779,..
Saudi Arabia,SAU,"Inflation, GDP deflator (annual %)",NY.GDP.DEFL.KD.ZG,-2.26181980307467,6.28576392488583,15.8625882829175,-1.36673070628761,-10.1884717880763,20.12699452585,12.5832067060847,-2.18444626235993,-0.25014299915776,..
Saudi Arabia,SAU,"Life expectancy at birth, total (years)",SP.DYN.LE00.IN,78.354,78.721,78.75,78.313,77.596,77.089,77.31,78.732,..,..
Saudi Arabia,SAU,Merchandise trade (% of GDP),TG.VAL.TOTL.GD.ZS,46.9691925635968,48.0736922915315,48.6640119255806,46.6611096744465,40.6081792697244,43.6598146149544,48.5088394957788,43.2434505432751,43.4185378039162,..
Saudi Arabia,SAU,Military expenditure (% of GDP),MS.MIL.XPND.GD.ZS,9.56048239449097,9.84622692397792,8.81333517624339,7.79458844216861,8.7921741101353,7.22921983667662,6.39742215278993,7.28424248969983,7.2981029390103,..
Saudi Arabia,SAU,Mobile cellular subscriptions (per 100 people),IT.CEL.SETS.P2,156.041,130.63,136.046,135.526,139.444,145.004,149.798,157.775,..,..
Saudi Arabia,SAU,"Mortality rate, under-5 (per 1,000 live births)",SH.DYN.MORT,8.5,8,7.6,7.2,6.9,6.6,6.4,6.2,..,..
Saudi Arabia,SAU,Net barter terms of trade index (2015 = 100),TT.PRI.MRCH.XD.WD,89,111.9,125,127.7,113.2,149.4,182.5,168.1,..,..
Saudi Arabia,SAU,Net migration,SM.POP.NETM,-26997,-920812,-988751,191582,-74725,-106287,977072,325691,122170,119738
Saudi Arabia,SAU,Net official development assistance and official aid received (current US$),DT.ODA.ALLD.CD,..,..,..,..,..,..,..,..,..,..
Saudi Arabia,SAU,"Personal remittances, received (current US$)",BX.TRF.PWKR.CD.DT,317361866.666666,290788000,334914666.666666,334029333.333333,302253072.128874,294914319.733333,287040447.160888,312346189.32089,338466642.8878,..
Saudi Arabia,SAU,Population density (people per sq. km of land area),EN.POP.DNST,14.399377584675,14.4101498355577,14.0468072140634,13.9851787932213,14.6777023663877,14.320382473752,14.9673785522564,15.6779493787476,..,..
Saudi Arabia,SAU,Population growth (annual %),SP.POP.GROW,3.74506540506437,0.0747825622238132,-2.5537682578428,-0.439701419074031,4.833138517103,-2.46456261487283,4.41891994509507,4.63821572656175,4.63120232685885,..
Saudi Arabia,SAU,"Population, total",SP.POP.TOTL,30954198,30977355,30196281,30063799,31552510,30784383,32175224,33702731,35300280,..
Saudi Arabia,SAU,Poverty headcount ratio at $3.00 a day (2021 PPP) (% of population),SI.POV.DDAY,..,..,..,..,..,..,..,..,..,..
Saudi Arabia,SAU,Poverty headcount ratio at national poverty lines (% of population),SI.POV.NAHC,..,..,..,..,..,..,..,..,..,..
Saudi Arabia,SAU,"Prevalence of HIV, total (% of population ages 15-49)",SH.DYN.AIDS.ZS,0.1,0.1,0.1,0.1,0.1,0.1,0.1,0.1,0.1,..
Saudi Arabia,SAU,"Prevalence of underweight, weight for age (% of children under 5)",SH.STA.MALN.ZS,4.6,6.2,3.3,4,3.5,..,..,..,..,..
Saudi Arabia,SAU,"Primary completion rate, total (% of relevant age group)",SE.PRM.CMPT.ZS,..,101.135118731181,101.822296961428,98.6456357179814,96.9853243228005,96.6447425153456,119.840624867605,..,99.3614271083662,..
Saudi Arabia,SAU,"Revenue, excluding grants (% of GDP)",GC.REV.XGRT.GD.ZS,20.0963081215631,24.8765686853628,27.2458971226168,27.8140023663967,27.1487389650106,26.200573927287,27.2926931956995,26.5289126925841,27.0815901732467,..
Saudi Arabia,SAU,"School enrollment, primary (% gross)",SE.PRM.ENRR,103.42068748908,106.381546527147,105.80186450639,102.737519761619,103.151902576284,100.895579929087,102.13902539092,..,103.984471859469,..
Saudi Arabia,SAU,"School enrollment, primary and secondary (gross), gender parity index (GPI)",SE.ENR.PRSC.FM.ZS,0.956160008907318,0.957579970359802,0.977729976177216,0.960340023040771,0.974160015583038,0.988870024681091,..,..,..,..
Saudi Arabia,SAU,"School enrollment, secondary (% gross)",SE.SEC.ENRR,105.491550199825,106.244903966787,106.376211565111,104.048257824894,104.411027399625,104.280975297041,122.158039993668,..,110.66346516974,..
Saudi Arabia,SAU,Surface area (sq. km),AG.SRF.TOTL.K2,2149690,2149690,2149690,2149690,2149690,2149690,2149690,2149690,..,..
Saudi Arabia,SAU,Tax revenue (% of GDP),GC.TAX.TOTL.GD.ZS,3.1718920136119,3.14428407179356,7.91853379846948,6.60159133877213,7.8762006474717,8.60534583507803,6.95344592267954,7.80440393794593,8.18471656930006,..
Saudi Arabia,SAU,Terrestrial and marine protected areas (% of total territorial area),ER.PTD.TOTL.ZS,4,4.6,4.5,4.5,4.5,4.5,4.5,14.2,17,..
Saudi Arabia,SAU,"Total debt service (% of exports of goods, services and primary income)",DT.TDS.DECT.EX.ZS,..,..,..,..,..,..,..,..,..,..
Saudi Arabia,SAU,Urban population growth (annual %),SP.URB.GROW,3.95321083599584,0.280951636777265,-2.34971628714086,-0.237893478845003,5.03257353185149,-2.26763551328465,4.61320861357201,4.82974579214944,4.81983574967141,..
Spain,ESP,"Adolescent fertility rate (births per 1,000 women ages 15-19)",SP.ADO.TFRT,7.287,6.932,6.243,5.867,5.23,4.702,4.776,4.809,..,..
Spain,ESP,"Agriculture, forestry, and fishing, value added (% of GDP)",NV.AGR.TOTL.ZS,2.81522075003094,2.80344676690393,2.70128254621885,2.51980122994951,2.78468031745976,2.76824927112995,2.36964000049424,2.6062235563618,2.75300596488807,..
Spain,ESP,"Annual freshwater withdrawals, total (% of internal resources)",ER.H2O.FWTL.ZS,28.0764388489209,27.0629496402878,26.4469424460432,26.2720323741007,26.0971223021583,26.0971223021583,26.0971223021583,..,..,..
Spain,ESP,Births attended by skilled health staff (% of total),SH.STA.BRTC.ZS,..,..,99.9,99.9,99.9,..,..,..,..,..
Spain,ESP,"Contraceptive prevalence, any method (% of married women ages 15-49)",SP.DYN.CONU.ZS,..,..,62.0757,..,..,..,..,..,..,..
Spain,ESP,Domestic credit provided by financial sector (% of GDP),FS.AST.DOMS.GD.ZS,..,..,..,..,..,..,..,..,..,..
Spain,ESP,Electric power consumption (kWh per capita),EG.USE.ELEC.KH.PC,5504.26697031493,5605.86415235912,5556.79404205176,5418.86933117843,5089.18774012116,5236.4247812165,5179.76963260155,5117.82961999422,..,..
Spain,ESP,Energy use (kg of oil equivalent per capita),EG.USE.PCAP.KG.OE,2563.00704379932,2690.49733287835,2666.26079715432,2573.90442450746,2303.51311623486,2422.46704705393,2408.92811488939,2293.70814634203,..,..
Spain,ESP,Exports of goods and services (% of GDP),NE.EXP.GNFS.ZS,33.5770329849408,34.9003952055684,34.874813986254,34.6755629292261,30.4810248544563,33.7570843255301,39.6716824276836,37.8166476493913,37.0558792721708,..
Spain,ESP,"External debt stocks, total (DOD, current US$)",DT.DOD.DECT.CD,..,..,..,..,..,..,..,..,..,..
Spain,ESP,"Fertility rate, total (births per woman)",SP.DYN.TFRT.IN,1.33,1.31,1.26,1.23,1.18,1.18,1.16,1.12,..,..
Spain,ESP,"Foreign direct investment, net inflows (BoP, current US$)",BX.KLT.DINV.CD.WD,44962670965.5697,33577736758.6064,63958429156.7585,30322872791.4496,37683095972.4205,64626902393.5776,67459796903.6798,46961991977.1583,42778827261.0579,..
Spain,ESP,Forest area (sq. km),AG.LND.FRST.K2,185552.4,185593,185635.9,185678.8,185721.7,185764.6,185807.5,185850.4,..,..
Spain,ESP,GDP (current US$),NY.GDP.MKTP.CD,1243015667917.12,1321754088818.83,1431642809327.06,1403496387686.27,1289783836971.21,1461244901852.69,1448850658406.62,1619481980719.64,1725671652742.19,..
Spain,ESP,GDP growth (annual %),NY.GDP.MKTP.KD.ZG,2.91515598595787,2.89604207865007,2.39541124478878,1.96117850841711,-10.9400706350371,6.68314420473001,6.37031712129601,2.46085796805582,3.45525405630191,..
Spain,ESP,"GNI per capita, Atlas method (current US$)",NY.GNP.PCAP.CD,27760,27290,29530,30560,27410,30380,32690,32980,33550,..
Spain,ESP,"GNI per capita, PPP (current international $)",NY.GNP.PCAP.PP.CD,37670,39810,41030,44090,39400,44550,51620,55410,57670,..
Spain,ESP,"GNI, Atlas method (current US$)",NY.GNP.ATLS.CD,1289771494424.84,1270878045676.5,1381266801787.04,1439902451482.47,1298163119785.96,1441412052672.53,1562166007499.26,1594533730942.1,1638781067996.24,..
Spain,ESP,"GNI, PPP (current international $)",NY.GNP.MKTP.PP.CD,1750233410721.95,1853927864320.37,1919461600068.38,2077223317459.29,1865940373592.84,2113484119836.19,2466884812073.1,2679401479948.1,2817013606502.02,..
Spain,ESP,Gross capital formation (% of GDP),NE.GDI.TOTL.ZS,19.0611122143393,19.5656670290524,20.7061758213476,20.9088226144802,20.6266482703898,21.8740337716536,22.6896137188078,21.1209265029601,21.1732200987249,..
Spain,ESP,High-technology exports (% of manufactured exports),TX.VAL.TECH.MF.ZS,7.80248141094868,6.99949013494316,6.76693548745416,6.84640091103014,7.76842135531122,9.39320382214351,12.5837187911388,9.56253561613111,9.28447661569937,..
Spain,ESP,"Immunization, measles (% of children ages 12-23 months)",SH.IMM.MEAS,97,98,98,98,96,95,97,96,97,..
Spain,ESP,Imports of goods and services (% of GDP),NE.IMP.GNFS.ZS,29.6116448657886,31.2670509322886,32.1345964120382,31.6906621148431,28.9651031602513,32.7675046176609,38.7940514426218,33.9809889561819,32.8943819660923,..
Spain,ESP,Income share held by lowest 20%,SI.DST.FRST.20,5.8,6.2,6.2,6.2,6,6.4,6.6,6.5,..,..
Spain,ESP,"Industry (including construction), value added (% of GDP)",NV.IND.TOTL.ZS,19.7937250159622,19.9047199031815,19.7385743840512,19.9779055762497,20.1193927811735,20.3165748530524,21.2234793725829,19.9575232630573,19.4537517327028,..
Spain,ESP,"Inflation, GDP deflator (annual %)",NY.GDP.DEFL.KD.ZG,0.372182539615821,1.25794431812474,1.18735470237598,1.42867123652391,1.13391454164042,2.55611236501613,4.69383953106939,6.24520480258481,2.89236477965287,..
Spain,ESP,"Life expectancy at birth, total (years)",SP.DYN.LE00.IN,83.3292682926829,83.2829268292683,83.4317073170732,83.8317073170732,82.2317073170732,83.1780487804878,83.1341463414634,83.8829268292683,..,..
Spain,ESP,Merchandise trade (% of GDP),TG.VAL.TOTL.GD.ZS,48.3422707782042,50.8046092446811,51.5013937272925,50.3576643446257,49.1949877035219,54.7251866532511,62.7891490901118,55.1018171627613,51.9302729795657,..
Spain,ESP,Military expenditure (% of GDP),MS.MIL.XPND.GD.ZS,1.12848106845526,1.22211082849583,1.24562475871831,1.22464525288942,1.35429599703865,1.33768901652321,1.4055469125943,1.4715775760116,1.43210737406914,..
Spain,ESP,Mobile cellular subscriptions (per 100 people),IT.CEL.SETS.P2,110.247,112.03,115.009,116.696,116.712,119,123.4,127.715,..,..
Spain,ESP,"Mortality rate, under-5 (per 1,000 live births)",SH.DYN.MORT,3.3,3.2,3.2,3.2,3.2,3.1,3.1,3.1,..,..
Spain,ESP,Net barter terms of trade index (2015 = 100),TT.PRI.MRCH.XD.WD,101.9,100.4,98.2,98.6,101,96.5,93,95.5,..,..
Spain,ESP,Net migration,SM.POP.NETM,106474,201135,337467,464783,236854,144385,299779,119099,111674,96630
Spain,ESP,Net official development assistance and official aid received (current US$),DT.ODA.ALLD.CD,..,..,..,..,..,..,..,..,..,..
Spain,ESP,"Personal remittances, received (current US$)",BX.TRF.PWKR.CD.DT,2632183874.91622,3004745214.02338,3331709084.3956,3206846641.96424,3063400972.64944,3949650833.18905,4238854695.34633,5491470306.28597,6328874671.4828,..
Spain,ESP,Population density (people per sq. km of land area),EN.POP.DNST,92.9973717081295,93.2268622784207,93.638281089712,94.3181087826492,94.802910688937,94.9382927184248,95.626963633201,96.7636173412149,..,..
Spain,ESP,Population growth (annual %),SP.POP.GROW,0.0771658726133905,0.243134086570712,0.451573724507016,0.716697775475724,0.510010189620998,0.178046695121711,0.718854879160094,1.17836618688432,1.02121260938381,..
Spain,ESP,"Population, total",SP.POP.TOTL,46458139,46571232,46782011,47118501,47359424,47443821,47786102,48352528,48848840,..
Spain,ESP,Poverty headcount ratio at $3.00 a day (2021 PPP) (% of population),SI.POV.DDAY,1.3,0.8,1,0.9,1.1,0.7,0.8,0.8,..,..
Spain,ESP,Poverty headcount ratio at national poverty lines (% of population),SI.POV.NAHC,21.6,21.5,20.7,21,21.7,20.4,20.2,..,..,..
Spain,ESP,"Prevalence of HIV, total (% of population ages 15-49)",SH.DYN.AIDS.ZS,0.4,0.4,0.3,0.3,0.3,0.3,0.3,0.3,0.3,..
Spain,ESP,"Prevalence of underweight, weight for age (% of children under 5)",SH.STA.MALN.ZS,..,..,..,..,..,..,..,..,..,..
Spain,ESP,"Primary completion rate, total (% of relevant age group)",SE.PRM.CMPT.ZS,94.7013168334961,96.6760177612305,95.6724014282227,96.6371078491211,96.0053405761719,99.1650314331055,98.4915237426758,99.5605087280273,..,..
Spain,ESP,"Revenue, excluding grants (% of GDP)",GC.REV.XGRT.GD.ZS,27.1288470631817,27.0360266114199,27.752508504664,27.8396917947532,29.2233358778761,30.1223659907048,29.7429322541561,29.6462519721104,..,..
Spain,ESP,"School enrollment, primary (% gross)",SE.PRM.ENRR,102.130096435547,102.50511932373,102.638717651367,103.185317993164,103.410423278809,102.899139404297,102.445991516113,103.002769470215,..,..
Spain,ESP,"School enrollment, primary and secondary (gross), gender parity index (GPI)",SE.ENR.PRSC.FM.ZS,1.0102299451828,1.01564002037048,1.01686000823975,1.02180004119873,1.02069997787476,..,..,..,..,..
Spain,ESP,"School enrollment, secondary (% gross)",SE.SEC.ENRR,123.269889831543,120.555923461914,119.430198669434,118.524719238281,117.367767333984,119.114921569824,119.015510559082,118.361709594727,..,..
Spain,ESP,Surface area (sq. km),AG.SRF.TOTL.K2,505935,505935.23,505957.289,505952.796,505969.891,505964.594,505978.281,505975.98,..,..
Spain,ESP,Tax revenue (% of GDP),GC.TAX.TOTL.GD.ZS,13.6838393292056,13.6257034043746,14.1254961741386,13.6580229877723,13.4462555370373,14.8775287865224,15.471017099813,14.9983875932141,..,..
Spain,ESP,Terrestrial and marine protected areas (% of total territorial area),ER.PTD.TOTL.ZS,15,14.9,15,17.9,17.9,17.9,17.9,17.9,17.9,..
Spain,ESP,"Total debt service (% of exports of goods, services and primary income)",DT.TDS.DECT.EX.ZS,..,..,..,..,..,..,..,..,..,..
Spain,ESP,Urban population growth (annual %),SP.URB.GROW,0.223572706593592,0.375011440683515,0.566879348329503,0.813398442437862,0.586068440110494,0.289728913503661,0.932021198321377,1.39526821791619,1.25395229298248,..
Switzerland,CHE,"Adolescent fertility rate (births per 1,000 women ages 15-19)",SP.ADO.TFRT,2.829,2.494,2.334,1.992,1.671,1.471,1.386,1.483,..,..
Switzerland,CHE,"Agriculture, forestry, and fishing, value added (% of GDP)",NV.AGR.TOTL.ZS,0.658010471667002,0.631333510334041,0.643750702339479,0.647745526895984,0.705477633321729,0.627567424184859,0.616379798814859,0.624912461460987,0.628699475474558,..
Switzerland,CHE,"Annual freshwater withdrawals, total (% of internal resources)",ER.H2O.FWTL.ZS,4.21782178217822,4.21782178217822,4.21782178217822,4.21782178217822,4.21782178217822,4.21782178217822,4.21782178217822,..,..,..
Switzerland,CHE,Births attended by skilled health staff (% of total),SH.STA.BRTC.ZS,..,..,..,..,..,..,..,..,..,..
Switzerland,CHE,"Contraceptive prevalence, any method (% of married women ages 15-49)",SP.DYN.CONU.ZS,..,71.6,..,..,..,..,..,..,..,..
Switzerland,CHE,Domestic credit provided by financial sector (% of GDP),FS.AST.DOMS.GD.ZS,..,..,..,..,..,..,..,..,..,..
Switzerland,CHE,Electric power consumption (kWh per capita),EG.USE.ELEC.KH.PC,7479.69328361043,7582.25427835832,7433.82126765362,7353.92896791708,7154.99017326245,7315.37290974165,7309.48578845284,7096.32839987121,..,..
Switzerland,CHE,Energy use (kg of oil equivalent per capita),EG.USE.PCAP.KG.OE,2819.83095943189,2809.47945669194,2806.4991558403,2857.15819180217,2690.39023280182,2619.80556120156,2591.92141040481,2511.37154209497,..,..
Switzerland,CHE,Exports of goods and services (% of GDP),NE.EXP.GNFS.ZS,66.817725925772,66.3484902889967,67.4781861031999,66.9653936798419,64.0955571587348,71.1192329157335,76.1397677689787,73.3331587674762,72.1589447667905,..
Switzerland,CHE,"External debt stocks, total (DOD, current US$)",DT.DOD.DECT.CD,..,..,..,..,..,..,..,..,..,..
Switzerland,CHE,"Fertility rate, total (births per woman)",SP.DYN.TFRT.IN,1.54,1.52,1.52,1.48,1.46,1.52,1.39,1.33,..,..
Switzerland,CHE,"Foreign direct investment, net inflows (BoP, current US$)",BX.KLT.DINV.CD.WD,170848654800.932,146779212954.995,-161796242279.339,22355117767.168,-238563810399.583,-120778435587.715,-12414047154.6242,-115458607844.803,-108395568633.839,..
Switzerland,CHE,Forest area (sq. km),AG.LND.FRST.K2,12553.5,12587.9,12622.3,12656.7,12691.1,12725.5,12759.9,12794.3,..,..
Switzerland,CHE,GDP (current US$),NY.GDP.MKTP.CD,687895460902.713,695200833086.499,725568717468.001,721369112726.724,741999406005.627,815309330986.719,828508926958.393,894424821645.205,936564198048.516,..
Switzerland,CHE,GDP growth (annual %),NY.GDP.MKTP.KD.ZG,2.06868969039562,1.36279965488859,2.86044579439036,1.14198218965691,-2.14173712008038,5.55962020605844,3.04406102969423,0.683328174376044,1.30233332541106,..
Switzerland,CHE,"GNI per capita, Atlas method (current US$)",NY.GNP.PCAP.CD,83360,80770,82470,83160,81740,89120,95600,95740,95220,..
Switzerland,CHE,"GNI per capita, PPP (current international $)",NY.GNP.PCAP.PP.CD,66960,67250,68130,71170,70510,78090,91850,92230,93420,..
Switzerland,CHE,"GNI, Atlas method (current US$)",NY.GNP.ATLS.CD,697964612966.47,682669842018.612,702168451063.144,713128241799.763,706059291137.208,775740708576.965,839128169518.23,851015877368.581,857475286133.969,..
Switzerland,CHE,"GNI, PPP (current international $)",NY.GNP.MKTP.PP.CD,560671216442.423,568390809833.244,580121823006.177,610317495274.777,609053946092.83,679753740848.974,806175196949.377,819854150443.037,841274016276.677,..
Switzerland,CHE,Gross capital formation (% of GDP),NE.GDI.TOTL.ZS,25.561928395454,26.0443143419626,25.7344532320312,26.4377929043745,29.5787498388343,26.1555657203382,24.8173430933187,25.9871467150257,26.9877309828941,..
Switzerland,CHE,High-technology exports (% of manufactured exports),TX.VAL.TECH.MF.ZS,27.335457169438,14.0238568621919,13.3182169315591,12.9094936723953,12.8450867094278,14.2350632729725,29.9881397976664,29.3340286978728,29.2685601760352,..
Switzerland,CHE,"Immunization, measles (% of children ages 12-23 months)",SH.IMM.MEAS,94,95,95,95,97,95,96,95,96,..
Switzerland,CHE,Imports of goods and services (% of GDP),NE.IMP.GNFS.ZS,56.7481985878047,57.2733173133041,56.950318222608,57.1622185006251,57.690420839636,58.8970283727557,62.3609309845406,61.9868434816136,61.9362037538192,..
Switzerland,CHE,Income share held by lowest 20%,SI.DST.FRST.20,7.7,7.7,7.5,7.4,7.5,7.5,7.4,..,..,..
Switzerland,CHE,"Industry (including construction), value added (% of GDP)",NV.IND.TOTL.ZS,24.0899792080479,24.2176943229599,24.4239571771375,24.7211591296094,24.8279156756116,25.6355937154031,24.5433816560689,24.6708306418124,24.7247192539882,..
Switzerland,CHE,"Inflation, GDP deflator (annual %)",NY.GDP.DEFL.KD.ZG,-0.583291614274671,-0.367869312919012,0.764289197397133,-0.103895024279751,-0.699187710432241,1.32150134679586,3.04005221804387,0.896277329147281,1.28874464525617,..
Switzerland,CHE,"Life expectancy at birth, total (years)",SP.DYN.LE00.IN,83.6024390243903,83.5512195121951,83.7536585365854,83.9048780487805,83,83.7512195121951,83.6048780487805,84.0560975609756,..,..
Switzerland,CHE,Merchandise trade (% of GDP),TG.VAL.TOTL.GD.ZS,83.3016108651197,81.9097119708355,81.3537003166116,82.0334541027373,82.3853759251344,86.3798528035579,91.4664857966046,87.8325356126605,87.1346568340343,..
Switzerland,CHE,Military expenditure (% of GDP),MS.MIL.XPND.GD.ZS,0.664750475412517,0.66568455676088,0.652876569793988,0.696324324760463,0.772558973227674,0.67289247365512,0.682061302644033,0.705659021596424,0.717812077671144,..
Switzerland,CHE,Mobile cellular subscriptions (per 100 people),IT.CEL.SETS.P2,134.236,131.17,126.681,126.921,127.376,123.212,123.971,128.64,..,..
Switzerland,CHE,"Mortality rate, under-5 (per 1,000 live births)",SH.DYN.MORT,4.2,4.1,4.1,4,4,4,4,3.9,..,..
Switzerland,CHE,Net barter terms of trade index (2015 = 100),TT.PRI.MRCH.XD.WD,101.7,101.6,103.3,105.5,107.7,104.6,97.5,95.8,..,..
Switzerland,CHE,Net migration,SM.POP.NETM,71009,45658,41253,44517,55523,50665,96424,45098,40099,37253
Switzerland,CHE,Net official development assistance and official aid received (current US$),DT.ODA.ALLD.CD,..,..,..,..,..,..,..,..,..,..
Switzerland,CHE,"Personal remittances, received (current US$)",BX.TRF.PWKR.CD.DT,2789758509.40625,2924805531.08435,2878850443.11536,2885184564.62178,3107610190.42699,3213702530.70222,3319717876.69724,3490357832.22132,3635806741.16748,..
Switzerland,CHE,Population density (people per sq. km of land area),EN.POP.DNST,211.931572125581,213.918480127503,215.500094533915,217.042781721823,218.63446962171,220.31454103721,222.150599739861,224.978619136651,..,..
Switzerland,CHE,Population growth (annual %),SP.POP.GROW,1.09203117387253,0.933155888738653,0.736633975172522,0.713313668444329,0.730676195047382,0.765501039496593,0.829927183900371,1.26498425447772,1.30500749907811,..
Switzerland,CHE,"Population, total",SP.POP.TOTL,8373338,8451840,8514329,8575280,8638167,8704546,8777088,8888822,9005582,..
Switzerland,CHE,Poverty headcount ratio at $3.00 a day (2021 PPP) (% of population),SI.POV.DDAY,0,0,0,0,0.1,0,0.2,..,..,..
Switzerland,CHE,Poverty headcount ratio at national poverty lines (% of population),SI.POV.NAHC,15.5,14.6,16,15.5,14.7,15.8,..,..,..,..
Switzerland,CHE,"Prevalence of HIV, total (% of population ages 15-49)",SH.DYN.AIDS.ZS,0.2,0.2,0.2,0.2,0.2,0.2,0.2,0.2,0.2,..
Switzerland,CHE,"Prevalence of underweight, weight for age (% of children under 5)",SH.STA.MALN.ZS,..,..,..,..,..,..,..,..,..,..
Switzerland,CHE,"Primary completion rate, total (% of relevant age group)",SE.PRM.CMPT.ZS,94.9024276733398,95.3591537475586,94.4237213134766,93.5932235717773,94.2758178710938,95.4812088012695,95.063606262207,96.9121017456055,..,..
Switzerland,CHE,"Revenue, excluding grants (% of GDP)",GC.REV.XGRT.GD.ZS,17.450134882961,18.1546323735851,17.6754650057736,17.9064117194377,17.8932165933965,18.4328505746198,17.1819545061559,17.0562815358524,..,..
Switzerland,CHE,"School enrollment, primary (% gross)",SE.PRM.ENRR,101.902526855469,101.83332824707,101.837242126465,101.593048095703,101.731712341309,101.478240966797,101.363067626953,102.282958984375,..,..
Switzerland,CHE,"School enrollment, primary and secondary (gross), gender parity index (GPI)",SE.ENR.PRSC.FM.ZS,0.97613000869751,0.973230004310608,0.970459997653961,0.968580007553101,0.968540012836456,..,..,..,..,..
Switzerland,CHE,"School enrollment, secondary (% gross)",SE.SEC.ENRR,104.09513092041,103.900062561035,104.188026428223,104.071113586426,104.211616516113,103.605186462402,103.392356872559,102.965591430664,..,..
Switzerland,CHE,Surface area (sq. km),AG.SRF.TOTL.K2,41290.7,41290.7,41290.7,41290.7,41290.7,41290.7,41290.7,41290.7,..,..
Switzerland,CHE,Tax revenue (% of GDP),GC.TAX.TOTL.GD.ZS,9.40460314122983,10.0616352919933,9.6910239454374,9.90716918606817,9.34487114946415,10.0701481847201,8.98993332404232,9.00355781857989,..,..
Switzerland,CHE,Terrestrial and marine protected areas (% of total territorial area),ER.PTD.TOTL.ZS,9.7,9.7,9.7,10,12,12.1,12.1,12.1,12.5,..
Switzerland,CHE,"Total debt service (% of exports of goods, services and primary income)",DT.TDS.DECT.EX.ZS,..,..,..,..,..,..,..,..,..,..
Switzerland,CHE,Urban population growth (annual %),SP.URB.GROW,2.49498706086045,2.53743050638578,2.49181868216515,2.5713770284745,2.64636277763181,2.99801654408171,1.68136719136955,1.57630897563029,1.62862712515389,..
Turkiye,TUR,"Adolescent fertility rate (births per 1,000 women ages 15-19)",SP.ADO.TFRT,24.226,22.332,19.835,17.535,15.334,13.63,12.203,12.055,..,..
Turkiye,TUR,"Agriculture, forestry, and fishing, value added (% of GDP)",NV.AGR.TOTL.ZS,6.26556196399699,6.19642323537778,6.00418639185492,6.6541535628227,6.89122590909685,5.70488171636816,6.69360961922604,6.38984597795627,5.82042467876951,..
Turkiye,TUR,"Annual freshwater withdrawals, total (% of internal resources)",ER.H2O.FWTL.ZS,26.2599118942731,25.898231277533,26.9134713656388,27.4607136563877,27.3578237885463,25.726872246696,28.4007224669604,..,..,..
Turkiye,TUR,Births attended by skilled health staff (% of total),SH.STA.BRTC.ZS,..,98,99.2,97,..,..,..,..,..,..
Turkiye,TUR,"Contraceptive prevalence, any method (% of married women ages 15-49)",SP.DYN.CONU.ZS,..,..,69.8,..,..,..,..,..,..,..
Turkiye,TUR,Domestic credit provided by financial sector (% of GDP),FS.AST.DOMS.GD.ZS,79.9464032950647,79.8379726366827,81.2349367081421,81.2261076221031,98.391870597022,93.0653207636029,72.5833306675658,64.6823898655573,57.9891384970265,..
Turkiye,TUR,Electric power consumption (kWh per capita),EG.USE.ELEC.KH.PC,3073.67891217991,3262.78417392976,3347.76268694844,3294.2219031759,3318.84705919601,3587.45836676577,3554.2281621305,3581.25454543643,..,..
Turkiye,TUR,Energy use (kg of oil equivalent per capita),EG.USE.PCAP.KG.OE,1724.54363987712,1828.02986770908,1771.33742856964,1774.19625722275,1762.01062220058,1894.62719281739,1841.55630679263,1849.53592344542,..,..
Turkiye,TUR,Exports of goods and services (% of GDP),NE.EXP.GNFS.ZS,23.6322024334399,26.5394989930636,31.7278536539697,33.0298811646869,28.7400043468285,35.0536332850518,38.1412107474416,31.9135926809724,27.5682232095509,..
Turkiye,TUR,"External debt stocks, total (DOD, current US$)",DT.DOD.DECT.CD,398941852378.3,446932919001.7,425763850698.8,414340675661.9,429283302461.7,434872791578.9,455963245504.7,499814231476.7,514989218110.8,..
Turkiye,TUR,"Fertility rate, total (births per woman)",SP.DYN.TFRT.IN,2.11,2.08,2,1.89,1.77,1.71,1.63,1.51,..,..
Turkiye,TUR,"Foreign direct investment, net inflows (BoP, current US$)",BX.KLT.DINV.CD.WD,13835000000,11190000000,12450000000,9507000000,7522000000,12674000000,13784000000,10657000000,11698000000,..
Turkiye,TUR,Forest area (sq. km),AG.LND.FRST.K2,216303,217524.6,219083.6,220643.6,222203.6,223763.6,225323.6,226883.6,..,..
Turkiye,TUR,GDP (current US$),NY.GDP.MKTP.CD,870818016909.84,863874522365.276,788356985773.667,775853144222.613,733628247119.077,839938668172.134,926097476913.818,1141242864657.45,1359123768774.12,..
Turkiye,TUR,GDP growth (annual %),NY.GDP.MKTP.KD.ZG,3.32366508200445,7.82585730002594,3.46815306092219,1.30162365464503,1.80306247087255,11.811094450607,5.44122511322401,5.04512369812289,3.3276230893799,..
Turkiye,TUR,"GNI per capita, Atlas method (current US$)",NY.GNP.PCAP.CD,11350,11140,10760,9970,9330,10240,10870,11980,13460,..
Turkiye,TUR,"GNI per capita, PPP (current international $)",NY.GNP.PCAP.PP.CD,26450,28000,28240,28570,28870,31700,39190,42360,45110,..
Turkiye,TUR,"GNI, Atlas method (current US$)",NY.GNP.ATLS.CD,899915506338.435,894876170062.791,876328492816.53,823637755750.694,777696265233.785,861517314394.27,923860423504.838,1022152974165.9,1150956419335.71,..
Turkiye,TUR,"GNI, PPP (current international $)",NY.GNP.MKTP.PP.CD,2096820386655.84,2248865366334.77,2298779162445.41,2359586456446.9,2407045838622.95,2667218612511.19,3330148566760.21,3614241886915.14,3857399671897.54,..
Turkiye,TUR,Gross capital formation (% of GDP),NE.GDI.TOTL.ZS,29.8288300175216,32.7946921972451,31.3408009091416,27.5058303832163,34.1540560799477,34.3761444701623,38.602139717568,34.5882765114043,30.7311559549208,..
Turkiye,TUR,High-technology exports (% of manufactured exports),TX.VAL.TECH.MF.ZS,3.03814599740941,3.23291293505096,2.67353129854845,3.02817669225913,3.15277011329118,3.28362739970141,3.66403554879462,4.51829098986852,5.13775956987065,..
Turkiye,TUR,"Immunization, measles (% of children ages 12-23 months)",SH.IMM.MEAS,98,96,96,97,95,96,95,95,95,..
Turkiye,TUR,Imports of goods and services (% of GDP),NE.IMP.GNFS.ZS,25.2379813745471,29.5961595228053,31.0972787311468,29.548577767937,31.6498487704686,34.5552643235919,41.7570614839925,33.7696157928943,27.0305829100406,..
Turkiye,TUR,Income share held by lowest 20%,SI.DST.FRST.20,5.7,5.4,5.4,5.2,5.3,5.2,5.4,..,..,..
Turkiye,TUR,"Industry (including construction), value added (% of GDP)",NV.IND.TOTL.ZS,28.3385128402288,29.0347245862534,29.1851848904908,27.0679926930773,27.7974533640579,30.8205598235418,30.890102398727,28.1932800305474,25.5035682450148,..
Turkiye,TUR,"Inflation, GDP deflator (annual %)",NY.GDP.DEFL.KD.ZG,8.1276071872056,11.1334116585617,16.7334812844326,14.1603081333496,14.7339074242292,29.3058995155618,95.5255302704182,68.2797569244827,59.2800755919836,..
Turkiye,TUR,"Life expectancy at birth, total (years)",SP.DYN.LE00.IN,76.595,77.037,77.454,77.737,76.525,75.722,77.591,77.156,..,..
Turkiye,TUR,Merchandise trade (% of GDP),TG.VAL.TOTL.GD.ZS,40.356996889786,46.6746025679768,51.7939217091211,50.4190777485282,53.0452584845517,59.1281267096302,66.7187866723343,54.1159133718109,44.5737918737467,..
Turkiye,TUR,Military expenditure (% of GDP),MS.MIL.XPND.GD.ZS,2.05032437865497,2.05006599219326,2.52209022414858,2.68985897943633,2.19555218691023,1.85888321091456,1.65879843534611,1.71991880187465,1.92255231276371,..
Turkiye,TUR,Mobile cellular subscriptions (per 100 people),IT.CEL.SETS.P2,91.9287,93.6408,94.9086,94.6498,95.3961,99.5415,103.721,105.684,..,..
Turkiye,TUR,"Mortality rate, under-5 (per 1,000 live births)",SH.DYN.MORT,12.6,12,11.5,11,10.5,10.1,9.6,12.8,..,..
Turkiye,TUR,Net barter terms of trade index (2015 = 100),TT.PRI.MRCH.XD.WD,104,98.6,95,94.7,99.6,88.6,76,86.7,..,..
Turkiye,TUR,Net migration,SM.POP.NETM,352063,659846,187570,-15690,37934,20283,-301544,-318070,-275952,-258205
Turkiye,TUR,Net official development assistance and official aid received (current US$),DT.ODA.ALLD.CD,3609088623.04688,3159279785.15625,1195925048.82813,701477355.957031,543520324.707031,1060641113.28125,801440551.757813,1550410644.53125,..,..
Turkiye,TUR,"Personal remittances, received (current US$)",BX.TRF.PWKR.CD.DT,1201000000,1056000000,1147000000,856000000,816000000,726000000,696000000,1029000000,982000000,..
Turkiye,TUR,Population density (people per sq. km of land area),EN.POP.DNST,103.007889505347,104.352348531112,105.774468250978,107.297584553617,108.343853540013,109.334768655068,110.416580694619,110.866214934449,..,..
Turkiye,TUR,Population growth (annual %),SP.POP.GROW,1.34542593504869,1.29675571220462,1.35360298648434,1.42969688109789,0.970386031353162,0.910444902564511,0.984586244469359,0.406389351118662,0.225580501096507,..
Turkiye,TUR,"Population, total",SP.POP.TOTL,79277962,80312698,81407204,82579440,83384680,84147318,84979913,85325965,85518661,..
Turkiye,TUR,Poverty headcount ratio at $3.00 a day (2021 PPP) (% of population),SI.POV.DDAY,0.9,1.1,1,1.3,1.1,0.9,0.5,..,..,..
Turkiye,TUR,Poverty headcount ratio at national poverty lines (% of population),SI.POV.NAHC,13.5,13.9,14.4,15,14.4,14.4,13.5,13.6,..,..
Turkiye,TUR,"Prevalence of HIV, total (% of population ages 15-49)",SH.DYN.AIDS.ZS,..,..,..,..,..,..,..,..,..,..
Turkiye,TUR,"Prevalence of underweight, weight for age (% of children under 5)",SH.STA.MALN.ZS,..,..,1.5,..,..,..,..,..,..,..
Turkiye,TUR,"Primary completion rate, total (% of relevant age group)",SE.PRM.CMPT.ZS,134.545608520508,92.5956573486328,91.0360870361328,96.6259918212891,100.577331542969,103.435623168945,101.500511169434,..,..,..
Turkiye,TUR,"Revenue, excluding grants (% of GDP)",GC.REV.XGRT.GD.ZS,30.9443928114178,29.5015348950669,30.2077917567155,29.2876680765698,29.5197315950517,29.4977695428913,27.2711691136776,33.0413461483106,31.4818867303734,..
Turkiye,TUR,"School enrollment, primary (% gross)",SE.PRM.ENRR,105.28328704834,97.4918975830078,100.931251525879,103.962959289551,103.296417236328,102.596397399902,102.487701416016,..,..,..
Turkiye,TUR,"School enrollment, primary and secondary (gross), gender parity index (GPI)",SE.ENR.PRSC.FM.ZS,0.981840014457703,0.964049994945526,0.979900002479553,0.970019996166229,0.977119982242584,..,..,..,..,..
Turkiye,TUR,"School enrollment, secondary (% gross)",SE.SEC.ENRR,108.547561645508,112.977333068848,112.115409851074,111.910400390625,112.527458190918,114.147331237793,116.040176391602,..,..,..
Turkiye,TUR,Surface area (sq. km),AG.SRF.TOTL.K2,785350,785350,785350,785350,785350,785350,785350,785350,..,..
Turkiye,TUR,Tax revenue (% of GDP),GC.TAX.TOTL.GD.ZS,18.3280078853395,17.7025349991329,17.1432984705184,16.5299780626821,17.4856241859009,17.4752698219595,17.1801094092697,18.2219303841014,17.6239296511937,..
Turkiye,TUR,Terrestrial and marine protected areas (% of total territorial area),ER.PTD.TOTL.ZS,0.2,0.2,0.2,0.2,0.2,5.7,5.7,5.7,5.7,..
Turkiye,TUR,"Total debt service (% of exports of goods, services and primary income)",DT.TDS.DECT.EX.ZS,36.4254391256231,37.362997807429,33.4794771797331,33.2432164759356,40.7367712535302,25.3396609190239,19.6812294560508,20.909547158823,23.4318472180701,..
Turkiye,TUR,Urban population growth (annual %),SP.URB.GROW,2.35546247467611,1.21721539362836,1.50516857000879,1.9909704896297,1.27276011133045,1.18656449306975,0.829617003400882,0.388112437971746,0.587160894947427,..
United Kingdom,GBR,"Adolescent fertility rate (births per 1,000 women ages 15-19)",SP.ADO.TFRT,13.952,12.978,12.068,11.064,9.701,8.578,8.379,8.359,..,..
United Kingdom,GBR,"Agriculture, forestry, and fishing, value added (% of GDP)",NV.AGR.TOTL.ZS,0.590496095532871,0.606135163563991,0.563097756036101,0.576929649470186,0.683760683760684,0.698210493866494,0.681106058275464,0.648180849687737,0.638070794582258,..
United Kingdom,GBR,"Annual freshwater withdrawals, total (% of internal resources)",ER.H2O.FWTL.ZS,5.80620689655172,5.80620689655172,5.80620689655172,5.80620689655172,5.80620689655172,5.80620689655172,5.80620689655172,..,..,..
United Kingdom,GBR,Births attended by skilled health staff (% of total),SH.STA.BRTC.ZS,..,..,..,..,..,..,..,..,..,..
United Kingdom,GBR,"Contraceptive prevalence, any method (% of married women ages 15-49)",SP.DYN.CONU.ZS,..,..,..,..,..,..,..,..,..,..
United Kingdom,GBR,Domestic credit provided by financial sector (% of GDP),FS.AST.DOMS.GD.ZS,..,..,..,..,..,..,..,..,..,..
United Kingdom,GBR,Electric power consumption (kWh per capita),EG.USE.ELEC.KH.PC,5009.54166476138,4932.16202286026,4901.86908838571,4775.40484159025,4511.02720843821,4569.6434969545,4326.19371634815,4207.95129358173,..,..
United Kingdom,GBR,Energy use (kg of oil equivalent per capita),EG.USE.PCAP.KG.OE,2696.97999020896,2658.99577329303,2632.15067210726,2515.97344619501,2317.4085386833,2377.26368887082,2254.36941582721,2127.6084341819,..,..
United Kingdom,GBR,Exports of goods and services (% of GDP),NE.EXP.GNFS.ZS,29.0615561502528,30.9738310965649,31.854534000688,31.9028602803155,29.9486520576829,29.2894071087705,34.0619283837069,31.9122697629938,30.9841588401688,..
United Kingdom,GBR,"External debt stocks, total (DOD, current US$)",DT.DOD.DECT.CD,..,..,..,..,..,..,..,..,..,..
United Kingdom,GBR,"Fertility rate, total (births per woman)",SP.DYN.TFRT.IN,1.79,1.74,1.68,1.632,1.571,1.583,1.56,1.56,..,..
United Kingdom,GBR,"Foreign direct investment, net inflows (BoP, current US$)",BX.KLT.DINV.CD.WD,324813224213.021,125358809934.12,-25055440306.9073,19790761929.1276,157185559299.989,102431564639.492,92776358059.3492,13789803776.1608,-12955141484.5037,..
United Kingdom,GBR,Forest area (sq. km),AG.LND.FRST.K2,31590,31640,31730,31820,31900,31986.667,32069,32154.222,..,..
United Kingdom,GBR,GDP (current US$),NY.GDP.MKTP.CD,2706807606538.73,2699118387873.1,2897028009916.05,2875710080015.3,2724001478304.59,3194559188925.93,3181244350465.41,3420796653789.08,3686033044482.13,..
United Kingdom,GBR,GDP growth (annual %),NY.GDP.MKTP.KD.ZG,2.20652020635357,3.02322219840339,1.55133095078786,1.25629899760824,-10.047896637362,8.5431118453255,5.14970388522993,0.271650048355255,1.1264226705118,..
United Kingdom,GBR,"GNI per capita, Atlas method (current US$)",NY.GNP.PCAP.CD,43310,42140,42540,43640,39340,45870,49720,48830,49470,..
United Kingdom,GBR,"GNI per capita, PPP (current international $)",NY.GNP.PCAP.PP.CD,43050,45620,46570,50010,47200,51310,59340,59630,61460,..
United Kingdom,GBR,"GNI, Atlas method (current US$)",NY.GNP.ATLS.CD,2841567896378.05,2779537897964.2,2820064322962.4,2907817582604.05,2625909005792.22,3072672206567.46,3360990291074.75,3344241393034.83,3424416804374.08,..
United Kingdom,GBR,"GNI, PPP (current international $)",NY.GNP.MKTP.PP.CD,2824431493908.68,3009161540809.9,3087113247658.18,3332512524919.18,3150257251555.6,3436887645118.96,4011905081533.56,4084416891551.36,4254944997470.1,..
United Kingdom,GBR,Gross capital formation (% of GDP),NE.GDI.TOTL.ZS,18.5956388685899,19.1317371265417,18.8761161911788,19.0285140310906,18.2807146353402,18.8987416108827,18.3468561370256,18.4594014019513,19.1197244388535,..
United Kingdom,GBR,High-technology exports (% of manufactured exports),TX.VAL.TECH.MF.ZS,23.5591126028431,22.6194649609659,22.3331118559009,23.0942001089205,23.0073604990707,23.8654057182193,27.1597708192348,28.8917146113567,29.7179659620928,..
United Kingdom,GBR,"Immunization, measles (% of children ages 12-23 months)",SH.IMM.MEAS,92,92,92,91,91,91,90,90,89,..
United Kingdom,GBR,Imports of goods and services (% of GDP),NE.IMP.GNFS.ZS,30.7779753635731,32.216093479851,33.0552381952321,33.1007061373899,29.2112372453782,29.2489791841395,35.1369980576912,33.0801144117865,31.856001686543,..
United Kingdom,GBR,Income share held by lowest 20%,SI.DST.FRST.20,7.6,7.6,7.4,7.5,7.7,7.7,..,..,..,..
United Kingdom,GBR,"Industry (including construction), value added (% of GDP)",NV.IND.TOTL.ZS,17.6677948178206,17.8215277161884,18.0023660420923,17.8736338534045,17.4957170827215,16.9553165949957,16.8198596717719,17.6714033030008,17.1246523065486,..
United Kingdom,GBR,"Inflation, GDP deflator (annual %)",NY.GDP.DEFL.KD.ZG,1.73539354292218,1.54252781517637,1.96276612181809,2.46133048824501,4.84234085720969,0.711756533859329,5.67864204313082,6.34491419212233,3.62324909958238,..
United Kingdom,GBR,"Life expectancy at birth, total (years)",SP.DYN.LE00.IN,81.1560975609756,81.2560975609756,81.2560975609756,81.3691219512195,80.331756097561,80.6473170731707,81.0112195121951,81.2380975609756,..,..
United Kingdom,GBR,Merchandise trade (% of GDP),TG.VAL.TOTL.GD.ZS,38.7019379386028,40.087126406212,40.0026853738836,40.2069043063565,38.0976298385091,36.5390631686012,43.0568308844181,38.4869412960194,36.0438439907329,..
United Kingdom,GBR,Military expenditure (% of GDP),MS.MIL.XPND.GD.ZS,1.98449096820719,1.95002885979327,1.94455569473457,1.98525373099586,2.16304030547387,2.07241748249759,2.05691855462534,2.23063973904322,2.2786177901127,..
United Kingdom,GBR,Mobile cellular subscriptions (per 100 people),IT.CEL.SETS.P2,119.787,119.207,118.184,120.25,117.305,117.887,119.834,122.796,..,..
United Kingdom,GBR,"Mortality rate, under-5 (per 1,000 live births)",SH.DYN.MORT,4.4,4.4,4.4,4.4,4.4,4.4,4.5,4.5,..,..
United Kingdom,GBR,Net barter terms of trade index (2015 = 100),TT.PRI.MRCH.XD.WD,89.9,91.7,96.5,88.6,83.8,94.9,90.3,91.1,..,..
United Kingdom,GBR,Net migration,SM.POP.NETM,324649,272311,259744,232727,144221,462967,487029,445523,417114,389911
United Kingdom,GBR,Net official development assistance and official aid received (current US$),DT.ODA.ALLD.CD,..,..,..,..,..,..,..,..,..,..
United Kingdom,GBR,"Personal remittances, received (current US$)",BX.TRF.PWKR.CD.DT,4582283766.62526,4308885979.70367,4389713567.2519,4214814558.37467,3248094193.68002,3461501740.87933,3965082580.93157,4486451448.29277,4834332874.14733,..
United Kingdom,GBR,Population density (people per sq. km of land area),EN.POP.DNST,271.18174678626,272.665647088001,274.000744016864,275.414376059191,275.881453312942,276.873475798785,279.436200553879,283.106683751498,..,..
United Kingdom,GBR,Population growth (annual %),SP.POP.GROW,0.79421971482011,0.545706020084833,0.488451313281444,0.514596380840432,0.169447088341033,0.358937930235741,0.921336799385098,1.30497972307431,1.0659564474212,..
United Kingdom,GBR,"Population, total",SP.POP.TOTL,65607000,65966000,66289000,66631000,66744000,66984000,67604000,68492000,69226000,..
United Kingdom,GBR,Poverty headcount ratio at $3.00 a day (2021 PPP) (% of population),SI.POV.DDAY,0.2,0.2,0.5,0.5,0.5,0.5,..,..,..,..
United Kingdom,GBR,Poverty headcount ratio at national poverty lines (% of population),SI.POV.NAHC,17,18.6,..,..,..,..,..,..,..,..
United Kingdom,GBR,"Prevalence of HIV, total (% of population ages 15-49)",SH.DYN.AIDS.ZS,0.2,0.2,0.2,0.2,0.2,0.2,0.2,0.2,..,..
United Kingdom,GBR,"Prevalence of underweight, weight for age (% of children under 5)",SH.STA.MALN.ZS,0.6,0.5,0.6,0.6,..,..,..,..,..,..
United Kingdom,GBR,"Primary completion rate, total (% of relevant age group)",SE.PRM.CMPT.ZS,98.5750732421875,98.4604187011719,98.5392837524414,100.255142211914,99.5503768920898,99.5570068359375,100.381553649902,101.423362731934,..,..
United Kingdom,GBR,"Revenue, excluding grants (% of GDP)",GC.REV.XGRT.GD.ZS,33.3897658317351,33.7644274187473,33.6717998451804,33.2703051672887,33.4086844384201,34.5638089563137,35.8232572592484,35.307815958642,34.9208011356426,..
United Kingdom,GBR,"School enrollment, primary (% gross)",SE.PRM.ENRR,100.381576538086,100.781051635742,101.327049255371,101.90941619873,102.22395324707,102.194450378418,102.53524017334,102.555801391602,..,..
United Kingdom,GBR,"School enrollment, primary and secondary (gross), gender parity index (GPI)",SE.ENR.PRSC.FM.ZS,..,1.0153900384903,1.01304996013641,1.01142001152039,1.01242995262146,..,..,..,..,..
United Kingdom,GBR,"School enrollment, secondary (% gross)",SE.SEC.ENRR,..,125.511840820312,119.994140625,117.085289001465,114.566833496094,113.681282043457,113.257041931152,112.403617858887,..,..
United Kingdom,GBR,Surface area (sq. km),AG.SRF.TOTL.K2,243610,243610,243610,243610,243610,243610,243610,243610,..,..
United Kingdom,GBR,Tax revenue (% of GDP),GC.TAX.TOTL.GD.ZS,25.2889754608419,25.4175285210626,25.326551109134,24.9143682469426,24.5433751270756,25.9910653856023,26.5536048949437,26.8736892132882,26.9583697121296,..
United Kingdom,GBR,Terrestrial and marine protected areas (% of total territorial area),ER.PTD.TOTL.ZS,23.3,28.9,28.8,29,40.3,39.9,39.9,39.9,42.1,..
United Kingdom,GBR,"Total debt service (% of exports of goods, services and primary income)",DT.TDS.DECT.EX.ZS,..,..,..,..,..,..,..,..,..,..
United Kingdom,GBR,Urban population growth (annual %),SP.URB.GROW,1.03666656488559,0.798556090757597,0.750672419193121,0.785164433740315,0.447347439874678,0.4658072904809,1.02581981197175,1.4069987819847,1.16542701063795,..
United States,USA,"Adolescent fertility rate (births per 1,000 women ages 15-19)",SP.ADO.TFRT,20.08,18.491,17.164,16.202,14.719,13.724,13.628,13.145,..,..
United States,USA,"Agriculture, forestry, and fishing, value added (% of GDP)",NV.AGR.TOTL.ZS,0.942644552842604,0.946868677532138,0.903900642655548,0.838812891431208,0.948847431791134,0.959566656543433,..,..,..,..
United States,USA,"Annual freshwater withdrawals, total (% of internal resources)",ER.H2O.FWTL.ZS,15.7661462029808,15.7661462029808,15.7661462029808,15.7661462029808,15.7661462029808,15.7661462029808,15.7661462029808,..,..,..
United States,USA,Births attended by skilled health staff (% of total),SH.STA.BRTC.ZS,99.1,99.1,99.1,99,99.1,..,..,..,..,..
United States,USA,"Contraceptive prevalence, any method (% of married women ages 15-49)",SP.DYN.CONU.ZS,..,75.9371810574748,..,73.9,..,..,..,..,..,..
United States,USA,Domestic credit provided by financial sector (% of GDP),FS.AST.DOMS.GD.ZS,236.740168768824,245.984997713656,233.291032497085,247.828014606754,284.97890724704,296.3079214963,251.150567481599,254.070740989174,261.296200241867,..
United States,USA,Electric power consumption (kWh per capita),EG.USE.ELEC.KH.PC,12806.1977101885,12604.1625559233,13054.4045353944,12678.2540503665,12393.4382563461,12556.0915792291,12968.1628097364,12551.2256333524,..,..
United States,USA,Energy use (kg of oil equivalent per capita),EG.USE.PCAP.KG.OE,6663.4963294418,6590.83509745633,6738.27272433986,6700.93033990565,6141.53125755889,6445.83409243358,6511.68841394546,6363.50015820072,..,..
United States,USA,Exports of goods and services (% of GDP),NE.EXP.GNFS.ZS,11.957982056879,12.2617381180006,12.3609892157496,11.8768712235892,10.2141055302392,10.9604167715559,11.7844046293243,11.1844126402687,11.1074566893674,..
United States,USA,"External debt stocks, total (DOD, current US$)",DT.DOD.DECT.CD,..,..,..,..,..,..,..,..,..,..
United States,USA,"Fertility rate, total (births per woman)",SP.DYN.TFRT.IN,1.8205,1.7655,1.7295,1.706,1.6415,1.664,1.6565,1.6165,..,..
United States,USA,"Foreign direct investment, net inflows (BoP, current US$)",BX.KLT.DINV.CD.WD,474388000000,380823000000,214715000000,315984000000,137066000000,477956000000,416890000000,361944000000,297058000000,..
United States,USA,Forest area (sq. km),AG.LND.FRST.K2,3100950,3097950,3097950,3097950,3097950,3097950,3097950,3097950,..,..
United States,USA,GDP (current US$),NY.GDP.MKTP.CD,18695110842000,19477336549000,20533057312000,21380976119000,21060473613000,23315080560000,25604848907611,27292170793214.4,28750956130731.2,..
United States,USA,GDP growth (annual %),NY.GDP.MKTP.KD.ZG,1.81945147788167,2.45762229852507,2.96650506901305,2.58382533412825,-2.16302914036166,6.05505293244555,2.51237531986017,2.88755600749487,2.79300127716779,..
United States,USA,"GNI per capita, Atlas method (current US$)",NY.GNP.PCAP.CD,56900,58920,63020,65880,64920,71730,77330,80000,83490,..
United States,USA,"GNI per capita, PPP (current international $)",NY.GNP.PCAP.PP.CD,58690,60940,63760,66080,65040,71770,78310,82600,85980,..
United States,USA,"GNI, Atlas method (current US$)",NY.GNP.ATLS.CD,18456327233279.6,19244803774644.7,20703987236442.9,21756142643021.9,21527039421710.1,23819884137432.4,25830260548716.3,26944999039282.2,28395284660434.9,..
United States,USA,"GNI, PPP (current international $)",NY.GNP.MKTP.PP.CD,19036279000000,19905052000000,20946823000000,21821877000000,21565702000000,23833823000000,26156164000000,27820754000000,29243108000000,..
United States,USA,Gross capital formation (% of GDP),NE.GDI.TOTL.ZS,21.0106376645574,21.3021477015707,21.6987608435503,21.8309630674538,21.7174460747964,21.6682502425803,22.2944256402277,21.8792709647143,21.8410127699649,..
United States,USA,High-technology exports (% of manufactured exports),TX.VAL.TECH.MF.ZS,22.4192942002286,19.2659699620243,18.4842699258676,18.6853939276571,19.4939761609452,19.9014614131792,20.5789833007379,21.8459878355521,24.322982844202,..
United States,USA,"Immunization, measles (% of children ages 12-23 months)",SH.IMM.MEAS,92,91,92,90,91,92,92,92,92,..
United States,USA,Imports of goods and services (% of GDP),NE.IMP.GNFS.ZS,14.6499800035794,15.0512827697199,15.2493900563462,14.5768882704583,13.1874574667002,14.6491408906374,15.529535106212,14.1059171480679,14.2711775613413,..
United States,USA,Income share held by lowest 20%,SI.DST.FRST.20,5.3,5.2,5.2,5.2,5.7,6.1,5.2,5.1,..,..
United States,USA,"Industry (including construction), value added (% of GDP)",NV.IND.TOTL.ZS,18.0422212818459,18.4354240836094,18.6308982431189,18.2804280414808,17.5084284843618,17.8846533610262,..,..,..,..
United States,USA,"Inflation, GDP deflator (annual %)",NY.GDP.DEFL.KD.ZG,0.85147588450198,1.68508382434676,2.3830537225445,1.50677251688072,0.67870182942977,4.38483807578484,7.12948085418195,3.59839135535658,2.48272509502563,..
United States,USA,"Life expectancy at birth, total (years)",SP.DYN.LE00.IN,78.5390243902439,78.5390243902439,78.6390243902439,78.7878048780488,76.9804878048781,76.3292682926829,77.4341463414634,78.3853658536585,..,..
United States,USA,Merchandise trade (% of GDP),TG.VAL.TOTL.GD.ZS,19.7975023057101,20.3043624062811,20.835684306495,19.6932355967522,18.1945908264603,20.1140801891357,21.2338999523793,19.0028709672646,18.8672542761173,..
United States,USA,Military expenditure (% of GDP),MS.MIL.XPND.GD.ZS,3.40260233575118,3.2977234873792,3.3040005391035,3.40921408383721,3.64518757294704,3.40451991574826,3.30947715843109,3.304441637598,3.41921653228044,..
United States,USA,Mobile cellular subscriptions (per 100 people),IT.CEL.SETS.P2,102.752,102.381,103.935,105.321,103.855,106.325,108.786,112.411,..,..
United States,USA,"Mortality rate, under-5 (per 1,000 live births)",SH.DYN.MORT,6.7,6.6,6.5,6.5,6.5,6.5,6.5,6.5,..,..
United States,USA,Net barter terms of trade index (2015 = 100),TT.PRI.MRCH.XD.WD,100.1,99.6,99.8,100.3,100,104.7,109,106.5,..,..
United States,USA,Net migration,SM.POP.NETM,1889129,1864738,1764961,1774500,329769,674787,1319009,1322668,1286132,1230663
United States,USA,Net official development assistance and official aid received (current US$),DT.ODA.ALLD.CD,..,..,..,..,..,..,..,..,..,..
United States,USA,"Personal remittances, received (current US$)",BX.TRF.PWKR.CD.DT,6330000000,6347000000,6941000000,7049000000,6827000000,7093000000,7663000000,8400000000,8712000000,..
United States,USA,Population density (people per sq. km of land area),EN.POP.DNST,35.4584505795077,35.7049975840182,35.9149986553586,36.1004771837305,36.248222996211,36.3052926398919,36.5149212564854,36.8198061311277,..,..
United States,USA,Population growth (annual %),SP.POP.GROW,0.785625485688815,0.692906252591617,0.586433075122573,0.515108555014533,0.408427566758519,0.157317408951545,0.575744520494521,0.83149318773707,0.976421684505429,..
United States,USA,"Population, total",SP.POP.TOTL,324353340,326608609,328529577,330226227,331577720,332099760,334017321,336806231,340110988,..
United States,USA,Poverty headcount ratio at $3.00 a day (2021 PPP) (% of population),SI.POV.DDAY,1.2,1.2,1,1,0.5,0.5,1.2,1.2,..,..
United States,USA,Poverty headcount ratio at national poverty lines (% of population),SI.POV.NAHC,..,..,..,..,..,..,..,..,..,..
United States,USA,"Prevalence of HIV, total (% of population ages 15-49)",SH.DYN.AIDS.ZS,..,..,..,..,..,..,..,..,..,..
United States,USA,"Prevalence of underweight, weight for age (% of children under 5)",SH.STA.MALN.ZS,1.4,..,0.4,..,..,..,..,..,..,..
United States,USA,"Primary completion rate, total (% of relevant age group)",SE.PRM.CMPT.ZS,..,98.8321990966797,100.092697143555,100.489051818848,100.923667907715,101.091278076172,95.743522644043,..,..,..
United States,USA,"Revenue, excluding grants (% of GDP)",GC.REV.XGRT.GD.ZS,18.6497171879137,19.3424398172831,17.5844563482997,17.4199703478,17.9555962011499,19.1036787908058,20.2406787038664,17.8684262125916,17.9111121612255,..
United States,USA,"School enrollment, primary (% gross)",SE.PRM.ENRR,101.362861633301,101.821441650391,101.256561279297,100.981300354004,100.305793762207,98.3054885864258,96.9717330932617,..,..,..
United States,USA,"School enrollment, primary and secondary (gross), gender parity index (GPI)",SE.ENR.PRSC.FM.ZS,0.996259987354279,0.993629992008209,0.994700014591217,0.994910001754761,0.986829996109009,..,..,..,..,..
United States,USA,"School enrollment, secondary (% gross)",SE.SEC.ENRR,98.7699279785156,98.9523391723633,99.2755813598633,100.063430786133,100.509819030762,101.192489624023,97.4734878540039,..,..,..
United States,USA,Surface area (sq. km),AG.SRF.TOTL.K2,9831510,9831510,9831510,9831510,9831510,9831510,9831510,9831510,..,..
United States,USA,Tax revenue (% of GDP),GC.TAX.TOTL.GD.ZS,10.9182669054538,11.5834831642617,9.98924207356734,9.95830072560589,10.2949840532629,11.5735962955643,12.7967300718031,10.8130735453764,10.8905153823848,..
United States,USA,Terrestrial and marine protected areas (% of total territorial area),ER.PTD.TOTL.ZS,26.3,26.6,26.3,26.3,23.9,15.9,15.9,15.9,15.8,..
United States,USA,"Total debt service (% of exports of goods, services and primary income)",DT.TDS.DECT.EX.ZS,..,..,..,..,..,..,..,..,..,..
United States,USA,Urban population growth (annual %),SP.URB.GROW,0.694814117563349,0.573829589091971,0.435313708393269,0.328117138669072,0.242275902012485,0.16984763362711,0.607013468343226,0.880290591487868,1.04286346807884,..
,,,,,,,,,,,,,
,,,,,,,,,,,,,
,,,,,,,,,,,,,
Data from database: World Development Indicators,,,,,,,,,,,,,
Last Updated: 02/24/2026,,,,,,,,,,,,,
Code,License Type,Indicator Name,Long definition,Source,Topic,Dataset,Unit of measure,Periodicity,Reference period,Aggregation method,Statistical concept and methodology,Development relevance,Limitations and exceptions,General comments,Other notes,License URL
SP.ADO.TFRT,CC BY-4.0,"Adolescent fertility rate (births per 1,000 women ages 15-19)","Adolescent fertility rate is the number of births per 1,000 women ages 15-19.","World Population Prospects, United Nations (UN), publisher: UN Population Division",Health: Reproductive health,WB_WDI,Per 1000 women,Annual,1960-2023,Weighted average,"Methodology: Adolescent fertility rates are based on data on registered live births from vital registration systems or, in the absence of such systems, from censuses or sample surveys. The estimated rates are generally considered reliable measures of fertility in the recent past. Where no empirical information on age-specific fertility rates is available, a model is used to estimate the share of births to adolescents. For countries without vital registration systems fertility rates are generally based on censuses or surveys.
Statistical concept(s): Reproductive health is a state of physical and mental well-being in relation to the reproductive system and its functions and processes. Means of achieving reproductive health include education and services during pregnancy and childbirth, safe and effective contraception, and prevention and treatment of sexually transmitted diseases. Complications of pregnancy and childbirth are the leading cause of death and disability among women of reproductive age in developing countries.",Adolescent childbearing is associated with a wide range of risks for young mothers. Women who become pregnant and give birth very early in their lives as well as their newborns are subject to elevated health risks.,,,"Figures from 1950 to 2023 are estimates based on available data. From 2024 onward, the figures are projections that use current trends to anticipate future changes. Estimates reflect the past; projections incorporate assumptions about the future and are updated as new information emerges. Please interpret these figures carefully, as they are subject to change. For details, see the WPP methodology: https://population.un.org/wpp/methodology. This is the Sustainable Development Goal indicator 3.7.2 [https://unstats.un.org/sdgs/metadata/].",https://datacatalog.worldbank.org/public-licenses#cc-by
NV.AGR.TOTL.ZS,CC BY-4.0,"Agriculture, forestry, and fishing, value added (% of GDP)","Agriculture, forestry, and fishing corresponds to ISIC (Rev. 4) divisions 01-03 and includes the exploitation of vegetal and animal natural resources, comprising the activities of growing of crops, raising and breeding of animals, harvesting of timber and other plants, animals or animal products from a farm or their natural habitats.Value added is the contribution to the economy by a producer or an industry or an institutional sector, which is estimated by the total value of output produced and deducting the total value of intermediate consumption of goods and services used to produce that output. This indicator is expressed as a percentage of Gross Domestic Product (GDP) which is the total income earned through the production of goods and services in an economic territory during an accounting period. Note: For VAB countries, gross value added at factor cost is used as the denominator.","Country official statistics, National Statistical Organizations and/or Central Banks;
National Accounts data files, Organisation for Economic Co-operation and Development (OECD);
Staff estimates, World Bank (WB)",Economic Policy & Debt: National accounts: Shares of GDP & other,WB_WDI,%,Annual,1960-2024,Weighted average,"Methodology: National accounts are compiled in accordance with international standards: System of National Accounts, 2008 or 1993 versions. Specific information on how countries compile their national accounts can be found on the IMF website: https://dsbb.imf.org/
Statistical concept(s): The conceptual elements of the SNA (System of National Accounts) measure what takes place in the economy, between which agents, and for what purpose. At the heart of the SNA is the production of goods and services. These may be used for consumption in the period to which the accounts relate or may be accumulated for use in a later period. In simple terms, the amount of value added generated by production represents GDP. The income corresponding to GDP is distributed to the various agents or groups of agents as income and it is the process of distributing and redistributing income that allows one agent to consume the goods and services produced by another agent or to acquire goods and services for later consumption. The way in which the SNA captures this pattern of economic flows is to identify the activities concerned by recognizing the institutional units in the economy and by specifying the structure of accounts capturing the transactions relevant to one stage or another of the process by which goods and services are produced and ultimately consumed.","This indicator is related to the national accounts, which are critical for understanding and managing a country's economy. They provide a framework for the analysis of economic performance. National accounts are the basis for estimating the Gross Domestic Product (GDP) and Gross National Income (GNI), which are the most widely used indicator of economic performance. They are essential for government policymakers, providing the data needed to design and assess fiscal and monetary policies; and are also used by businesses and investors to assess the economic climate and make investment decisions. NAS enable comparison between economies, which is crucial for international trade, investment decisions, and economic competitiveness. More specifically, this indicator is related to the production approach (or output approach) used to calculate GDP, which gives detailed breakdown of the economy by sectors, providing valuable insights into the structure of an economy and its key drivers of growth. It helps in identifying which sectors are expanding or contracting, information that is crucial for policymakers when designing economic strategies and interventions. Additionally, by focusing on the production side, it reflects the supply conditions of an economy, which can be particularly important when analyzing issues like productivity and competitiveness.","Among the difficulties faced by compilers of national accounts is the extent of unreported economic activity in the informal or secondary economy. In developing countries a large share of agricultural output is either not exchanged (because it is consumed within the household) or not exchanged for money. Agricultural production often must be estimated indirectly, using a combination of methods involving estimates of inputs, yields, and area under cultivation. This approach sometimes leads to crude approximations that can differ from the true values over time and across crops for reasons other than climate conditions or farming techniques. Similarly, agricultural inputs that cannot easily be allocated to specific outputs are frequently "netted out" using equally crude and ad hoc approximations.",,"Note: Data for OECD countries are based on ISIC, revision 4.",https://datacatalog.worldbank.org/public-licenses#cc-by
ER.H2O.FWTL.ZS,CC BY-4.0,"Annual freshwater withdrawals, total (% of internal resources)","Annual freshwater withdrawals refer to total water withdrawals, not counting evaporation losses from storage basins. Withdrawals also include water from desalination plants in countries where they are a significant source. Withdrawals can exceed 100 percent of total renewable resources where extraction from nonrenewable aquifers or desalination plants is considerable or where there is significant water reuse. Withdrawals for agriculture and industry are total withdrawals for irrigation and livestock production and for direct industrial use (including withdrawals for cooling thermoelectric plants). Withdrawals for domestic uses include drinking water, municipal use or supply, and use for public services, commercial establishments, and homes. Data are for the most recent year available for 1987-2002.","AQUASTAT - FAO's Global Information System on Water and Agriculture, Food and Agriculture Organization of the United Nations (FAO), uri: https://data.apps.fao.org/aquastat/, publisher: Food and Agriculture Organization of the United Nations (FAO), date accessed: 20240529",Environment: Freshwater,WB_WDI,% (share) of internal resources,Annual,1962-2022,Weighted average,"Methodology: Annual freshwater withdrawals are total water withdrawals, not counting evaporation losses from storage basins. Withdrawals also include water from desalination plants in countries where they are a significant source. Withdrawals can exceed 100 percent of total renewable resources where extraction from nonrenewable aquifers or desalination plants is considerable or where water reuse is significant. Withdrawals for agriculture and industry are total withdrawals for irrigation and livestock production and for direct industrial use (including for cooling thermoelectric plants). Withdrawals for domestic uses include drinking water, municipal use or supply, and use for public services, commercial establishments, and homes.
Statistical concept(s):","While some countries have an abundant supply of fresh water, others do not have as much. UN estimates that many areas of the world are already experiencing stress on water availability. Due to the accelerated pace of population growth and an increase in the amount of water a single person uses, it is expected that this situation will continue to get worse. The ability of developing countries to make more water available for domestic, agricultural, industrial and environmental uses will depend on better management of water resources and more cross-sectorial planning and integration. According to World Water Council, by 2020, water use is expected to increase by 40 percent, and 17 percent more water will be required for food production to meet the needs of the growing population. The three major factors causing increasing water demand over the past century are population growth, industrial development and the expansion of irrigated agriculture.



















There is now ample evidence that increased hydrologic variability and change in climate has and will continue to have a profound impact on the water sector through the hydrologic cycle, water availability, water demand, and water allocation at the global, regional, basin, and local levels. Properly managed water resources are a critical component of growth, poverty reduction and equity. The livelihoods of the poorest are critically associated with access to water services. A shortage of water in the future would be detrimental to the human population as it would affect everything from sanitation, to overall health and the production of grain.



















Freshwater use by continents is partly based on several socio-economic development factors, including population, physiography, and climatic characteristics. It is estimated that in the coming decades the most intensive growth of water withdrawal is expected to occur in Africa and South America (increasing by 1.5-1.6 times), while the smallest growth will take place in Europe and North America (1.2 times).","A common perception is that most of the available freshwater resources are visible (on the surfaces of lakes, reservoirs and rivers). However, this visible water represents only a tiny fraction of global freshwater resources, as most of it is stored in aquifers, with the largest stocks stored in solid form in the Antarctic and in Greenland's ice cap.

















The data on freshwater resources are based on estimates of runoff into rivers and recharge of groundwater. These estimates are based on different sources and refer to different years, so cross-country comparisons should be made with caution. Because the data are collected intermittently, they may hide significant variations in total renewable water resources from year to year. The data also fail to distinguish between seasonal and geographic variations in water availability within countries. Data for small countries and countries in arid and semiarid zones are less reliable than those for larger countries and countries with greater rainfall.

















Caution should also be used in comparing data on annual freshwater withdrawals, which are subject to variations in collection and estimation methods. In addition, inflows and outflows are estimated at different times and at different levels of quality and precision, requiring caution in interpreting the data, particularly for water-short countries, notably in the Middle East and North Africa.

















The data are based on surveys and estimates provided by governments to the Joint Monitoring Programme of the World Health Organization (WHO) and the United Nations Children's Fund (UNICEF). The coverage rates are based on information from service users on actual household use rather than on information from service providers, which may include nonfunctioning systems.",,,https://datacatalog.worldbank.org/public-licenses#cc-by
SH.STA.BRTC.ZS,CC BY-4.0,Births attended by skilled health staff (% of total),"Births attended by skilled health staff are the percentage of deliveries attended by personnel trained to give the necessary supervision, care, and advice to women during pregnancy, labor, and the postpartum period; to conduct deliveries on their own; and to care for newborns.","State of the World's Children, UN Children's Fund (UNICEF);
Childinfo, UN Children's Fund (UNICEF);
Demographic and Health Surveys, DHS Program (ICF)",Health: Reproductive health,WB_WDI,Percent of live births,Annual,1980-2022,Weighted average,"Methodology: National-level household surveys are the primary sources for collecting data on skilled health personnel providing childbirth care. These surveys include Demographic and Health Surveys (DHS), Multiple Indicator Cluster Surveys (MICS), Reproductive Health Surveys (RHS), and other national surveys based on similar methodologies. Respondents in these surveys are asked about their last live birth and who assisted during delivery, covering a period of up to five years before the interview.


As part of the data harmonization process and interaction with countries, UNICEF conducts an annual country consultation. During this consultation, SDG country focal points are contacted to update and verify values included in the database and to obtain new data sources. These new data sources are reviewed and assessed jointly with WHO. Additionally, the national categories or occupational titles of skilled health personnel are verified. The reported data for some countries may include additional categories of trained personnel beyond doctors, nurses, and midwives.","Reproductive health is a state of physical and mental well-being in relation to the reproductive system and its functions and processes. Means of achieving reproductive health include education and services during pregnancy and childbirth, safe and effective contraception, and prevention and treatment of sexually transmitted diseases. Complications of pregnancy and childbirth are the leading cause of death and disability among women of reproductive age in developing countries.





The share of births attended by skilled health staff is an indicator of a health system's ability to provide adequate care for pregnant women.","For the indicators that are from household surveys, the year refers to the survey year. For more information, consult the original sources.",,Assistance by trained professionals during birth reduces the incidence of maternal deaths during childbirth. The share of births attended by skilled health staff is an indicator of a health system�s ability to provide adequate care for pregnant women.

This is the Sustainable Development Goal indicator 3.1.2[https://unstats.un.org/sdgs/metadata/].,https://datacatalog.worldbank.org/public-licenses#cc-by
SP.DYN.CONU.ZS,CC BY-4.0,"Contraceptive prevalence, any method (% of married women ages 15-49)","Contraceptive prevalence, any method is the percentage of married women ages 15-49 who are practicing, or whose sexual partners are practicing, any method of contraception (modern or traditional). Modern methods of contraception include female and male sterilization, oral hormonal pills, the intra-uterine device (IUD), the male condom, injectables, the implant (including Norplant), vaginal barrier methods, the female condom and emergency contraception. Traditional methods of contraception include rhythm (e.g., fertility awareness based methods, periodic abstinence), withdrawal and other traditional methods.","Household surveys, United Nations (UN), note: Household surveys, including Demographic and Health Surveys and Multiple Indicator Cluster Surveys. Largely compiled by United Nations Population Division., publisher: UN Population Division",Health: Reproductive health,WB_WDI,,Annual,1961-2024,Weighted average,"Methodology: Contraceptive prevalence rates are obtained mainly from nationally representative household surveys, including: Demographic and Health Surveys; Multiple Indicator Cluster Surveys; Contraceptive Prevalence Surveys; Gender and Generations Survey; Reproductive Health Surveys; and World Fertility Surveys.  Additional information was provided by other international survey programs and national surveys.  



Married women refer to women who are married (defined in relation to the marriage laws or customs of a country) and to women in a union, which refers to women living with their partner in the same household (also referred to as cohabiting unions, consensual unions, unmarried unions, or �living together�).","Contraceptive prevalence among women of reproductive age is related to maternal and child health, as well as gender equality and HIV/AIDS.   Contraceptives enable women and men to make informed decisions on family planning � whether, when, and how many children they would have. 



Preventing unwanted pregnancies is essential to reducing maternal deaths, especially in low- and middle- income countries where maternal mortality rate is high.  With effective contraception, life-threatening pregnancy complications can be reduced, and thus maternal deaths can be averted.  



Using condoms (one of the modern contraceptive methods) can prevent pregnancy as well as sexually transmitted diseases, including HIV.","While the data availability on contraceptive use has increased, in many countries the contraceptive use data are available only for married women. 



The time frame used to assess contraceptive prevalence may vary. In many surveys, it is left to the respondent to determine what is meant by �currently using� a method of contraception.",,,https://datacatalog.worldbank.org/public-licenses#cc-by
FS.AST.DOMS.GD.ZS,CC BY-4.0,Domestic credit provided by financial sector (% of GDP),"Domestic credit provided by the financial sector includes all credit to various sectors on a gross basis, with the exception of credit to the central government, which is net. The financial sector includes monetary authorities and deposit money banks, as well as other financial corporations where data are available (including corporations that do not accept transferable deposits but do incur such liabilities as time and savings deposits). Examples of other financial corporations are finance and leasing companies, money lenders, insurance corporations, pension funds, and foreign exchange companies. This indicator is expressed as a percentage of Gross Domestic Product (GDP) which is the total income earned through the production of goods and services in an economic territory during an accounting period.","International Financial Statistics database, International Monetary Fund (IMF);
World Development Indicators Database, World Bank (WB);
National Accounts data files, Organisation for Economic Co-operation and Development (OECD)",Financial Sector: Assets,WB_WDI,%,Annual,1960-2024,Weighted average,"Methodology: Monetary and Financial statistics are compiled in accordance with international standards: Monetary and Financial Statistics Manual, 2018 or 2004 versions. Specific information on how countries compile their Monetary and Finance statistics can be found on the IMF website: https://dsbb.imf.org/
Statistical concept(s): The conceptual framework comes from the Monetary and Financial Statistic Manual which outlines the analytical presentation of monetary statistics, which provide critical inputs for monetary policy formulation and monitoring. The statistics covered in this Manual also support the assessment of financial system stability.","This indicator is related the monetary and financial statistics. Monetary and financial statistics are crucial as they offer a detailed picture of a country's financial condition and the workings of its monetary system. This encompasses information on the money supply, prevailing interest rates, and the activities of financial institutions. Central banks and policymakers rely on these statistics to craft monetary policy, manage interest rates, and regulate inflation. For investors and market analysts, these figures provide a window into the financial sector's stability and performance, guiding investment decisions and risk evaluations. They also shed light on the circulation of money within the economy, which has direct implications for consumer spending, business investments, and the overall trajectory of economic growth. Ultimately, these statistics play a pivotal role in ensuring economic stability and promoting sustainable development.","In a few countries governments may hold international reserves as deposits in the banking system rather than in the central bank. Since claims on the central government are a net item (claims on the central government minus central government deposits), the figure may be negative, resulting in a negative figure for domestic credit provided by the banking sector.",,,https://datacatalog.worldbank.org/public-licenses#cc-by
EG.USE.ELEC.KH.PC,CC BY-4.0,Electric power consumption (kWh per capita),"Electric power consumption measures the production of power plants and combined heat and power plants less transmission, distribution, and transformation losses and own use by heat and power plants.","IEA Energy Statistics Data Browser, International Energy Agency (IEA), uri: https://www.iea.org/data-and-statistics/data-tools/energy-statistics-data-browser, publisher: International Energy Agency (IEA), date accessed: 2025-03-25",Environment: Energy production & use,WB_WDI,kilowatt-hour (kWh) per capita,Annual,1990-2023,Weighted average,"Methodology: Electric power consumption per capita (kWh ) is the production of power plants and combined heat and power plants less transmission, distribution, and transformation losses and own use by heat and power plants, divided by midyear population. Energy data are compiled by the International Energy Agency (IEA). IEA data for economies that are not members of the Organisation for Economic Co-operation and Development (OECD) are based on national energy data adjusted to conform to annual questionnaires completed by OECD member governments. Electricity consumption is equivalent to production less power plants' own use and transmission, distribution, and transformation losses less exports plus imports. It includes consumption by auxiliary stations, losses in transformers that are considered integral parts of those stations, and electricity produced by pumping installations. Where data are available, it covers electricity generated by primary sources of energy - coal, oil, gas, nuclear, hydro, geothermal, wind, tide and wave, and combustible renewables. Neither production nor consumption data capture the reliability of supplies, including breakdowns, load factors, and frequency of outages.","An economy's production and consumption of electricity are basic indicators of its size and level of development. Although a few countries export electric power, most production is for domestic consumption. Expanding the supply of electricity to meet the growing demand of increasingly urbanized and industrialized economies without incurring unacceptable social, economic, and environmental costs is one of the great challenges facing developing countries.

















Modern societies are becoming increasing dependent on reliable and secure electricity supplies to underpin economic growth and community prosperity. This reliance is set to grow as more efficient and less carbon intensive forms of power are developed and deployed to help decarbonize economies. Maintaining reliable and secure electricity services while seeking to rapidly decarbonize power systems is a key challenge for countries throughout the world.

















In developing economies growth in energy use is closely related to growth in the modern sectors - industry, motorized transport, and urban areas - but energy use also reflects climatic, geographic, and economic factors (such as the relative price of energy). Energy use has been growing rapidly in low- and middle-income economies, but high-income economies still use almost five times as much energy on a per capita basis.

















Governments in many countries are increasingly aware of the urgent need to make better use of the world's energy resources. Improved energy efficiency is often the most economic and readily available means of improving energy security and reducing greenhouse gas emissions.","Data on electric power production and consumption are collected from national energy agencies by the International Energy Agency (IEA) and adjusted by the IEA to meet international definitions. Data are reported as net consumption as opposed to gross consumption. Net consumption excludes the energy consumed by the generating units. For all countries except the United States, total electric power consumption is equal total net electricity generation plus electricity imports minus electricity exports minus electricity distribution losses.















The IEA makes these estimates in consultation with national statistical offices, oil companies, electric utilities, and national energy experts. The IEA occasionally revises its time series to reflect political changes, and energy statistics undergo continual changes in coverage or methodology as more detailed energy accounts become available. Breaks in series are therefore unavoidable.",,,https://datacatalog.worldbank.org/public-licenses#cc-by
EG.USE.PCAP.KG.OE,CC BY-4.0,Energy use (kg of oil equivalent per capita),"Energy use refers to use of primary energy before transformation to other end-use fuels, which is equal to indigenous production plus imports and stock changes, minus exports and fuels supplied to ships and aircraft engaged in international transport.","IEA Energy Statistics Data Browser, International Energy Agency (IEA), uri: https://www.iea.org/data-and-statistics/data-tools/energy-statistics-data-browser, publisher: International Energy Agency (IEA), date accessed: 2025-03-25",Environment: Energy production & use,WB_WDI,kg of oil equivalent per capita,Annual,1990-2023,Weighted average,"Methodology: Total energy use refers to the use of primary energy before transformation to other end-use fuels (such as electricity and refined petroleum products). It includes energy from combustible renewables and waste - solid biomass and animal products, gas and liquid from biomass, and industrial and municipal waste. Biomass is any plant matter used directly as fuel or converted into fuel, heat, or electricity. World Bank population estimates are used to calculate per capita data.

















Energy data are compiled by the International Energy Agency (IEA). IEA data for economies that are not members of the Organisation for Economic Co-operation and Development (OECD) are based on national energy data adjusted to conform to annual questionnaires completed by OECD member governments.

















Data for combustible renewables and waste are often based on small surveys or other incomplete information and thus give only a broad impression of developments and are not strictly comparable across countries. The IEA reports include country notes that explain some of these differences. All forms of energy - primary energy and primary electricity - are converted into oil equivalents. A notional thermal efficiency of 33 percent is assumed for converting nuclear electricity into oil equivalents and 100 percent efficiency for converting hydroelectric power.","In developing economies growth in energy use is closely related to growth in the modern sectors - industry, motorized transport, and urban areas - but energy use also reflects climatic, geographic, and economic factors (such as the relative price of energy). Energy use has been growing rapidly in low- and middle-income economies, but high-income economies still use almost five times as much energy on a per capita basis.

















Governments in many countries are increasingly aware of the urgent need to make better use of the world's energy resources. Improved energy efficiency is often the most economic and readily available means of improving energy security and reducing greenhouse gas emissions.","The IEA makes these estimates in consultation with national statistical offices, oil companies, electric utilities, and national energy experts. The IEA occasionally revises its time series to reflect political changes, and energy statistics undergo continual changes in coverage or methodology as more detailed energy accounts become available. Breaks in series are therefore unavoidable.",,,https://datacatalog.worldbank.org/public-licenses#cc-by
NE.EXP.GNFS.ZS,CC BY-4.0,Exports of goods and services (% of GDP),"Exports of goods includes changes in the economic ownership of goods from residents of the compiling economy to non-residents, irrespective of physical movement of goods across national borders. Exports of services includes services provided by residents to non-residents. This indicator is expressed as a percentage of Gross Domestic Product (GDP) which is the total income earned through the production of goods and services in an economic territory during an accounting period.","Country official statistics, National Statistical Organizations and/or Central Banks;
National Accounts data files, Organisation for Economic Co-operation and Development (OECD);
Staff estimates, World Bank (WB)",Economic Policy & Debt: National accounts: Shares of GDP & other,WB_WDI,%,Annual,1960-2024,Weighted average,"Methodology: National accounts are compiled in accordance with international standards: System of National Accounts, 2008 or 1993 versions. Specific information on how countries compile their national accounts can be found on the IMF website: https://dsbb.imf.org/
Statistical concept(s): The conceptual elements of the SNA (System of National Accounts) measure what takes place in the economy, between which agents, and for what purpose. At the heart of the SNA is the production of goods and services. These may be used for consumption in the period to which the accounts relate or may be accumulated for use in a later period. In simple terms, the amount of value added generated by production represents GDP. The income corresponding to GDP is distributed to the various agents or groups of agents as income and it is the process of distributing and redistributing income that allows one agent to consume the goods and services produced by another agent or to acquire goods and services for later consumption. The way in which the SNA captures this pattern of economic flows is to identify the activities concerned by recognizing the institutional units in the economy and by specifying the structure of accounts capturing the transactions relevant to one stage or another of the process by which goods and services are produced and ultimately consumed.","This indicator is related to the national accounts, which are critical for understanding and managing a country's economy. They provide a framework for the analysis of economic performance. National accounts are the basis for estimating the Gross Domestic Product (GDP) and Gross National Income (GNI), which are the most widely used indicator of economic performance. They are essential for government policymakers, providing the data needed to design and assess fiscal and monetary policies; and are also used by businesses and investors to assess the economic climate and make investment decisions. NAS enable comparison between economies, which is crucial for international trade, investment decisions, and economic competitiveness. More specifically, this indicator is related to the expenditure approach used to calculate GDP, which focuses on the total amount of spending on final goods and services within an economy over a specific period. Unlike the production approach, which looks at the supply side by summing the value of output produced by all sectors, the expenditure approach looks at the demand side by summing all expenditures. This demand-side analysis provides insights into the spending behaviors of different sectors, including households, businesses, the government, and foreign entities. Also, by breaking down expenditures into categories like consumption, investment, government spending, and net exports, it helps identify which components are driving or hindering economic growth. This approach can thus be used to assess the effectiveness of fiscal and monetary policies. Overall, the expenditure approach is crucial for understanding the dynamics of an economy, guiding policy decisions, and providing a comprehensive view of economic activity from the perspective of total spending.","Because policymakers have tended to focus on fostering the growth of output, and because data on production are easier to collect than data on spending, many countries generate their primary estimate of GDP using the production approach. Moreover, many countries do not estimate all the components of national expenditures but instead derive some of the main aggregates indirectly using GDP (based on the production approach) as the control total.





Data on exports and imports are compiled from customs reports and balance of payments data. Although the data from the payments side provide reasonably reliable records of cross-border transactions, they may not adhere strictly to the appropriate definitions of valuation and timing used in the balance of payments or corresponds to the change-of ownership criterion. This issue has assumed greater significance with the increasing globalization of international business. Neither customs nor balance of payments data usually capture the illegal transactions that occur in many countries. Goods carried by travelers across borders in legal but unreported shuttle trade may further distort trade statistics.",,,https://datacatalog.worldbank.org/public-licenses#cc-by
DT.DOD.DECT.CD,CC BY-4.0,"External debt stocks, total (DOD, current US$)","Total external debt is debt owed to nonresidents repayable in currency, goods, or services. Total external debt is the sum of public, publicly guaranteed, and private nonguaranteed long-term debt, use of IMF credit, and short-term debt. Short-term debt includes all debt having an original maturity of one year or less and interest in arrears on long-term debt. Data are in current U.S. dollars.","International Debt Statistics, World Bank (WB)",Economic Policy & Debt: External debt: Debt outstanding,WB_WDI,current US$,Annual,1970-2024,Sum,"Methodology: Data on external debt are gathered through the World Bank's Debtor Reporting System (DRS). Long term debt data are compiled using the countries report on public and publicly guaranteed borrowing on a loan-by-loan basis and private non guaranteed borrowing on an aggregate basis. These data are supplemented by information from major multilateral banks and official lending agencies in major creditor countries. Short-term debt data are gathered from the Quarterly External Debt Statistics (QEDS) database, jointly developed by the World Bank and the IMF and from creditors through the reporting systems of the Bank for International Settlements. Debt data are reported in the currency of repayment and compiled and published in U.S. dollars. End-of-period exchange rates are used for the compilation of stock figures (amount of debt outstanding), and projected debt service and annual average exchange rates are used for the flows. Exchange rates are taken from the IMF's International Financial Statistics. Debt repayable in multiple currencies, goods, or services and debt with a provision for maintenance of the value of the currency of repayment are shown at book value.
Statistical concept(s): Disbursed and outstanding debt definition (??)
Debt stock definition (??)","External indebtedness affects a country's creditworthiness and investor perceptions. Nonreporting countries might have outstanding debt with the World Bank, other international financial institutions, or private creditors. Total debt service is contrasted with countries' ability to obtain foreign exchange through exports of goods, services, primary income, and workers' remittances.

Debt ratios are used to assess the sustainability of a country's debt service obligations, but no absolute rules determine what values are too high. Empirical analysis of developing countries' experience and debt service performance shows that debt service difficulties become increasingly likely when the present value of debt reaches 200 percent of exports. Still, what constitutes a sustainable debt burden varies by country. Countries with fast-growing economies and exports are likely to be able to sustain higher debt levels.",,,,https://datacatalog.worldbank.org/public-licenses#cc-by
SP.DYN.TFRT.IN,CC BY-4.0,"Fertility rate, total (births per woman)",Total fertility rate represents the number of children that would be born to a woman if she were to live to the end of her childbearing years and bear children in accordance with age-specific fertility rates of the specified year.,"World Population Prospects, United Nations (UN), publisher: UN Population Division;
Statistical databases and publications from national statistical offices, National statistical offices;
Demographic Statistics, Eurostat (ESTAT)",Health: Reproductive health,WB_WDI,Births per woman,Annual,1960-2023,Weighted average,"Methodology: Total fertility rate is the sum of the age-specific fertility rates (multiplied by five, if the age-specific fertility rates are for 5-year age groups).
Statistical concept(s): Total fertility rates are based on data on registered live births from vital registration systems or, in the absence of such systems, from censuses or sample surveys. The estimated rates are generally considered reliable measures of fertility in the recent past. Where no empirical information on age-specific fertility rates is available, a model is used to estimate the share of births to adolescents. For countries without reliable vital registration systems fertility rates are generally based on extrapolations from trends observed in censuses or surveys from earlier years.","Reproductive health is a state of physical and mental well-being in relation to the reproductive system and its functions and processes. Means of achieving reproductive health include education and services during pregnancy and childbirth, safe and effective contraception, and prevention and treatment of sexually transmitted diseases. Complications of pregnancy and childbirth are the leading cause of death and disability among women of reproductive age in developing countries.",Annual data series from United Nations Population Division's World Population Prospects are interpolated data from 5-year period data. Therefore they may not reflect real events as much as observed data.,,Relevance to gender indicator: it can indicate the status of women within households and a woman�s decision about the number and spacing of children.,https://datacatalog.worldbank.org/public-licenses#cc-by
BX.KLT.DINV.CD.WD,CC BY-4.0,"Foreign direct investment, net inflows (BoP, current US$)","Foreign direct investment refers to direct investment equity flows in the reporting economy. It is the sum of equity capital, reinvestment of earnings, and other capital. Direct investment is a category of cross-border investment associated with a resident in one economy having control or a significant degree of influence on the management of an enterprise that is resident in another economy. Ownership of 10 percent or more of the ordinary shares of voting stock is the criterion for determining the existence of a direct investment relationship. Data are in current U.S. dollars.","International Monetary Fund, Balance of Payments database, supplemented by data from the United Nations Conference on Trade and Development and official national sources.",Economic Policy & Debt: Balance of payments: Capital & financial account,,,Annual,1970-2024,Sum,"Data on equity flows are based on balance of payments data reported by the International Monetary Fund (IMF). Foreign direct investment (FDI) data are supplemented by the World Bank staff estimates using data from the United Nations Conference on Trade and Development (UNCTAD) and official national sources.

The internationally accepted definition of FDI (from the sixth edition of the IMF's Balance of Payments Manual [2009]), includes the following components: equity investment, including investment associated with equity that gives rise to control or influence; investment in indirectly influenced or controlled enterprises; investment in fellow enterprises; debt (except selected debt); and reverse investment. The Framework for Direct Investment Relationships provides criteria for determining whether cross-border ownership results in a direct investment relationship, based on control and influence. Distinguished from other kinds of international investment, FDI is made to establish a lasting interest in or effective management control over an enterprise in another country. A lasting interest in an investment enterprise typically involves establishing warehouses, manufacturing facilities, and other permanent or long-term organizations abroad. Direct investments may take the form of greenfield investment, where the investor starts a new venture in a foreign country by constructing new operational facilities; joint venture, where the investor enters into a partnership agreement with a company abroad to establish a new enterprise; or merger and acquisition, where the investor acquires an existing enterprise abroad. The IMF suggests that investments should account for at least 10 percent of voting stock to be counted as FDI. In practice many countries set a higher threshold. Many countries fail to report reinvested earnings, and the definition of long-term loans differs among countries. BoP refers to Balance of Payments.","Private financial flows - equity and debt - account for the bulk of development finance. Equity flows comprise foreign direct investment (FDI) and portfolio equity. Debt flows are financing raised through bond issuance, bank lending, and supplier credits.","FDI data do not give a complete picture of international investment in an economy. Balance of payments data on FDI do not include capital raised locally, an important source of investment financing in some developing countries. In addition, FDI data omit nonequity cross-border transactions such as intra-unit flows of goods and services.

The volume of global private financial flows reported by the World Bank generally differs from that reported by other sources because of differences in sources, classification of economies, and method used to adjust and disaggregate reported information. In addition, particularly for debt financing, differences may also reflect how some installments of the transactions and certain offshore issuances are treated.

Data on equity flows are shown for all countries for which data are available.",Note: Data starting from 2005 are based on the sixth edition of the IMF's Balance of Payments Manual (BPM6).,,https://datacatalog.worldbank.org/public-licenses#cc-by
AG.LND.FRST.K2,CC BY-4.0,Forest area (sq. km),"Forest area is land under natural or planted stands of trees of at least 5 meters in situ, whether productive or not, and excludes tree stands in agricultural production systems (for example, in fruit plantations and agroforestry systems) and trees in urban parks and gardens.","FAOSTAT, Food and Agriculture Organization of the United Nations (FAO), uri: https://www.fao.org/faostat/en/#data/RL, publisher: Food and Agriculture Organization of the United Nations (FAO)",Environment: Land use,WB_WDI,square kilometers,Annual,1990-2023,Sum,"Methodology: Forest is determined both by the presence of trees and the absence of other predominant land uses. The trees should reach a minimum height of 5 meters in situ. Areas under reforestation that have not yet reached but are expected to reach a canopy cover of 10 percent and a tree height of 5 meters are included, as are temporarily unstocked areas, resulting from human intervention or natural causes, which are expected to regenerate.

















FAO provides detail information on forest cover, and adjusted estimates of forest cover. The current survey uses a uniform definition of forest. Although FAO provides a breakdown of forest cover between natural forest and plantation for developing countries, this indictor data does not reflect that breakdown. Thus the deforestation data may underestimate the rate at which natural forest is disappearing in some countries.
Statistical concept(s): Forest - Forests are lands of more than 0.5 hectares, with a tree canopy cover of more than 10 percent, which are not primarily under agricultural or urban land use. Forests are determined both by the presence of trees and the absence of other predominant land uses. The trees should be able to reach a minimum height of 5 meters in situ. Areas under reforestation which have yet to reach a crown density of 10 percent or tree height of 5 m are included, as are temporarily unstocked areas, resulting from human intervention or natural causes, that are expected to regenerate. The term specifically includes: forest nurseries and seed orchards that constitute an integral part of the forest; forest roads, firebreaks and other small open areas; forest in national parks, nature reserves and other protected areas such as those of specific scientific, historical, cultural or spiritual interest; windbreaks and shelterbelts of trees with an area of more than 0.5 ha and width of more than 20 m; plantations primarily used for forestry purposes, including rubberwood plantations and cork oak stands. The term specifically excludes trees planted primarily for agricultural production, for example in fruit plantations and agroforestry systems.","As threats to biodiversity mount, the international community is increasingly focusing on conserving diversity. Deforestation is a major cause of loss of biodiversity, and habitat conservation is vital for stemming this loss. Conservation efforts have focused on protecting areas of high biodiversity.

















On a global average, more than one-third of all forest is primary forest, i.e. forest of native species where there are no clearly visible indications of human activities and the ecological processes have not been significantly disturbed. Primary forests, in particular tropical moist forests, include the most species-rich, diverse terrestrial ecosystems. The decrease of primary forest area, 0.4 percent over a ten-year period, is largely due to reclassification of primary forest to "other naturally regenerated forest" because of selective logging and other human interventions.

















National parks, game reserves, wilderness areas and other legally established protected areas cover more than 10 percent of the total forest area in most countries and regions. FAO estimates that around 10 million people are employed in forest management and conservation - but many more are directly dependent on forests for their livelihoods. Also, 80 about percent of the world's forests are publicly owned, but ownership and management of forests by communities, individuals and private companies is on the rise.

















Close to 1.2 billion hectares of forest are managed primarily for the production of wood and non-wood forest products. An additional 25 percent of forest area is designated for multiple uses - in most cases including the production of wood and non-wood forest products. The area designated primarily for productive purposes has decreased by more than 50 million hectares since 1990 as forests have been designated for other purposes.","The Food and Agricultural Organization (FAO) has been collecting and analyzing data on forest area since 1946. This is done at intervals of 5-10 years as part of the Global Forest Resources Assessment (FRA). FAO reports data for 229 countries and territories; for the remaining 56 small island states and territories where no information is provided, a report is prepared by FAO using existing information and a literature search. The data are aggregated at sub-regional, regional and global levels by the FRA team at FAO, and estimates are produced by straight summation.















The lag between the reference year and the actual production of data series as well as the frequency of data production varies between countries. Deforested areas do not include areas logged but intended for regeneration or areas degraded by fuelwood gathering, acid precipitation, or forest fires. Negative numbers indicate an increase in forest area.















Data includes areas with bamboo and palms; forest roads, firebreaks and other small open areas; forest in national parks, nature reserves and other protected areas such as those of specific scientific, historical, cultural or spiritual interest; windbreaks, shelterbelts and corridors of trees with an area of more than 0.5 hectares and width of more than 20 meters; plantations primarily used for forestry or protective purposes, such as rubber-wood plantations and cork oak stands. Data excludes tree stands in agricultural production systems, such as fruit plantations and agroforestry systems. Forest area also excludes trees in urban parks and gardens. The proportion of forest area to total land area is calculated and changes in the proportion are computed to identify trends.",,The world and regional aggregate series do not include data from countries that no longer exist.,https://datacatalog.worldbank.org/public-licenses#cc-by
NY.GDP.MKTP.CD,CC BY-4.0,GDP (current US$),"Gross domestic product is the total income earned through the production of goods and services in an economic territory during an accounting period. It can be measured in three different ways: using either the expenditure approach, the income approach, or the production approach. This indicator is expressed in current prices, meaning no adjustment has been made to account for price changes over time. This indicator is expressed in United States dollars.","Country official statistics, National Statistical Organizations and/or Central Banks;
National Accounts data files, Organisation for Economic Co-operation and Development (OECD);
Staff estimates, World Bank (WB)",Economic Policy & Debt: National accounts: US$ at current prices: Aggregate indicators,WB_WDI,current US$,Annual,1960-2024,Gap-filled total,"Methodology: National accounts are compiled in accordance with international standards: System of National Accounts, 2008 or 1993 versions. Specific information on how countries compile their national accounts can be found on the IMF website: https://dsbb.imf.org/
Statistical concept(s): The conceptual elements of the SNA (System of National Accounts) measure what takes place in the economy, between which agents, and for what purpose. At the heart of the SNA is the production of goods and services. These may be used for consumption in the period to which the accounts relate or may be accumulated for use in a later period. In simple terms, the amount of value added generated by production represents GDP. The income corresponding to GDP is distributed to the various agents or groups of agents as income and it is the process of distributing and redistributing income that allows one agent to consume the goods and services produced by another agent or to acquire goods and services for later consumption. The way in which the SNA captures this pattern of economic flows is to identify the activities concerned by recognizing the institutional units in the economy and by specifying the structure of accounts capturing the transactions relevant to one stage or another of the process by which goods and services are produced and ultimately consumed.","This indicator is related to the national accounts, which are critical for understanding and managing a country's economy. They provide a framework for the analysis of economic performance. National accounts are the basis for estimating the Gross Domestic Product (GDP) and Gross National Income (GNI), which are the most widely used indicator of economic performance. They are essential for government policymakers, providing the data needed to design and assess fiscal and monetary policies; and are also used by businesses and investors to assess the economic climate and make investment decisions. NAS enable comparison between economies, which is crucial for international trade, investment decisions, and economic competitiveness. More specifically, this indicator is related to national accounts aggregates. Gross Domestic Product (GDP), Gross National Income (GNI), and other aggregates provide a snapshot of the size and health of an economy by measuring the total economic activity within a country. They can thus be used by policymakers to design and implement economic policies, as they reflect the overall economic performance and can indicate the need for intervention in certain areas. Aggregates also allow for comparisons between different economies, which can be useful for trade negotiations, investment decisions, and economic benchmarking. By examining aggregates over time, economists and analysts can identify trends, cycles, and potential areas of concern within an economy, and investors can use national accounts aggregates to assess the potential risks and returns of investing in a particular country. Overall, national accounts aggregates are fundamental tools for economic analysis, policy formulation, and decision-making at both the national and international levels.","Gross domestic product (GDP), though widely tracked, may not always be the most relevant summary of aggregated economic performance for all economies, especially when production occurs at the expense of consuming capital stock.





While GDP estimates based on the production approach are generally more reliable than estimates compiled from the income or expenditure side, different countries use different definitions, methods, and reporting standards. World Bank staff review the quality of national accounts data and sometimes make adjustments to improve consistency with international guidelines. Nevertheless, significant discrepancies remain between international standards and actual practice. Many statistical offices, especially those in developing countries, face severe limitations in the resources, time, training, and budgets required to produce reliable and comprehensive series of national accounts statistics.





Among the difficulties faced by compilers of national accounts is the extent of unreported economic activity in the informal or secondary economy. In developing countries a large share of agricultural output is either not exchanged (because it is consumed within the household) or not exchanged for money.",,,https://datacatalog.worldbank.org/public-licenses#cc-by
NY.GDP.MKTP.KD.ZG,CC BY-4.0,GDP (annual % growth),"Gross domestic product is the total income earned through the production of goods and services in an economic territory during an accounting period. It can be measured in three different ways: using either the expenditure approach, the income approach, or the production approach. This indicator denotes the percentage change over each previous year of the constant price (base year 2015) series in United States dollars.","Country official statistics, National Statistical Organizations and/or Central Banks;
National Accounts data files, Organisation for Economic Co-operation and Development (OECD);
Staff estimates, World Bank (WB)",Economic Policy & Debt: National accounts: Growth rates,WB_WDI,%,Annual,1961-2024,Weighted average,"Methodology: National accounts are compiled in accordance with international standards: System of National Accounts, 2008 or 1993 versions. Specific information on how countries compile their national accounts can be found on the IMF website: https://dsbb.imf.org/
Statistical concept(s): The conceptual elements of the SNA (System of National Accounts) measure what takes place in the economy, between which agents, and for what purpose. At the heart of the SNA is the production of goods and services. These may be used for consumption in the period to which the accounts relate or may be accumulated for use in a later period. In simple terms, the amount of value added generated by production represents GDP. The income corresponding to GDP is distributed to the various agents or groups of agents as income and it is the process of distributing and redistributing income that allows one agent to consume the goods and services produced by another agent or to acquire goods and services for later consumption. The way in which the SNA captures this pattern of economic flows is to identify the activities concerned by recognizing the institutional units in the economy and by specifying the structure of accounts capturing the transactions relevant to one stage or another of the process by which goods and services are produced and ultimately consumed.","This indicator is related to the national accounts, which are critical for understanding and managing a country's economy. They provide a framework for the analysis of economic performance. National accounts are the basis for estimating the Gross Domestic Product (GDP) and Gross National Income (GNI), which are the most widely used indicator of economic performance. They are essential for government policymakers, providing the data needed to design and assess fiscal and monetary policies; and are also used by businesses and investors to assess the economic climate and make investment decisions. NAS enable comparison between economies, which is crucial for international trade, investment decisions, and economic competitiveness. More specifically, this indicator is related to national accounts aggregates. Gross Domestic Product (GDP), Gross National Income (GNI), and other aggregates provide a snapshot of the size and health of an economy by measuring the total economic activity within a country. They can thus be used by policymakers to design and implement economic policies, as they reflect the overall economic performance and can indicate the need for intervention in certain areas. Aggregates also allow for comparisons between different economies, which can be useful for trade negotiations, investment decisions, and economic benchmarking. By examining aggregates over time, economists and analysts can identify trends, cycles, and potential areas of concern within an economy, and investors can use national accounts aggregates to assess the potential risks and returns of investing in a particular country. Overall, national accounts aggregates are fundamental tools for economic analysis, policy formulation, and decision-making at both the national and international levels.","Each industry's contribution to growth in the economy's output is measured by growth in the industry's value added. In principle, value added in constant prices can be estimated by measuring the quantity of goods and services produced in a period, valuing them at an agreed set of base year prices, and subtracting the cost of intermediate inputs, also in constant prices. This double-deflation method requires detailed information on the structure of prices of inputs and outputs.





In many industries, however, value added is extrapolated from the base year using single volume indexes of outputs or, less commonly, inputs. Particularly in the services industries, including most of government, value added in constant prices is often imputed from labor inputs, such as real wages or number of employees. In the absence of well defined measures of output, measuring the growth of services remains difficult.





Moreover, technical progress can lead to improvements in production processes and in the quality of goods and services that, if not properly accounted for, can distort measures of value added and thus of growth. When inputs are used to estimate output, as for nonmarket services, unmeasured technical progress leads to underestimates of the volume of output. Similarly, unmeasured improvements in quality lead to underestimates of the value of output and value added. The result can be underestimates of growth and productivity improvement and overestimates of inflation.





Informal economic activities pose a particular measurement problem, especially in developing countries, where much economic activity is unrecorded. A complete picture of the economy requires estimating household outputs produced for home use, sales in informal markets, barter exchanges, and illicit or deliberately unreported activities. The consistency and completeness of such estimates depend on the skill and methods of the compiling statisticians.





Rebasing of national accounts can alter the measured growth rate of an economy and lead to breaks in series that affect the consistency of data over time. When countries rebase their national accounts, they update the weights assigned to various components to better reflect current patterns of production or uses of output. The new base year should represent normal operation of the economy - it should be a year without major shocks or distortions. Some developing countries have not rebased their national accounts for many years. Using an old base year can be misleading because implicit price and volume weights become progressively less relevant and useful.





To obtain comparable series of constant price data for computing aggregates, the World Bank rescales GDP and value added by industrial origin to a common reference year. Because rescaling changes the implicit weights used in forming regional and income group aggregates, aggregate growth rates are not comparable with those from earlier editions with different base years. Rescaling may result in a discrepancy between the rescaled GDP and the sum of the rescaled components. To avoid distortions in the growth rates, the discrepancy is left unallocated. As a result, the weighted average of the growth rates of the components generally does not equal the GDP growth rate.",,,https://datacatalog.worldbank.org/public-licenses#cc-by
NY.GNP.PCAP.CD,CC BY-4.0,"GNI per capita, Atlas method (current US$)","Gross national income is the total income earned by all residents within an economic territory during an accounting period. It is equal to gross domestic product plus earned income receivable from abroad minus earned income payable abroad. This figure is converted to U.S. dollars using the World Bank Atlas method, and divided by the midyear population. GNI, calculated in national currency, is usually converted to U.S. dollars at official exchange rates for comparisons across economies, although an alternative rate is used when the official exchange rate is judged to diverge by an exceptionally large margin from the rate actually applied in international transactions. To smooth fluctuations in prices and exchange rates, a special Atlas method of conversion is used by the World Bank. This applies a conversion factor that averages the exchange rate for a given year and the two preceding years, adjusted for differences in rates of inflation between the country, and through 2000, the G-5 countries (France, Germany, Japan, the United Kingdom, and the United States). From 2001, these countries include the Euro area, Japan, the United Kingdom, and the United States. This indicator is expressed in current prices, meaning no adjustment has been made to account for price changes over time. This indicator is expressed in United States dollars.","Country official statistics, National Statistical Organizations and/or Central Banks;
National Accounts data files, Organisation for Economic Co-operation and Development (OECD);
Staff estimates, World Bank (WB)",Economic Policy & Debt: National accounts: Atlas GNI & GNI per capita,WB_WDI,current US$,Annual,1962-2024,Weighted average,"Methodology: The World Bank's official estimates of the size of economies and country classifications by income level are based on Gross National Income (GNI) per capita. For cross-national comparisons, estimates are converted from local currency units (LCU) to current U.S. dollars using the Atlas method, referring to a former World Bank publication called the Atlas of Global Development. The Atlas method smooths exchange rate fluctuations using a three-year moving average, price-adjusted conversion factor. The USD estimate of GNI per capita is derived by applying the Atlas conversion factor to estimates measured in LCU.
Statistical concept(s): The conceptual elements of the SNA (System of National Accounts) measure what takes place in the economy, between which agents, and for what purpose. At the heart of the SNA is the production of goods and services. These may be used for consumption in the period to which the accounts relate or may be accumulated for use in a later period. In simple terms, the amount of value added generated by production represents GDP. The income corresponding to GDP is distributed to the various agents or groups of agents as income and it is the process of distributing and redistributing income that allows one agent to consume the goods and services produced by another agent or to acquire goods and services for later consumption. The way in which the SNA captures this pattern of economic flows is to identify the activities concerned by recognizing the institutional units in the economy and by specifying the structure of accounts capturing the transactions relevant to one stage or another of the process by which goods and services are produced and ultimately consumed.","This indicator is related to the national accounts, which are critical for understanding and managing a country's economy. They provide a framework for the analysis of economic performance. National accounts are the basis for estimating the Gross Domestic Product (GDP) and Gross National Income (GNI), which are the most widely used indicator of economic performance. They are essential for government policymakers, providing the data needed to design and assess fiscal and monetary policies; and are also used by businesses and investors to assess the economic climate and make investment decisions. NAS enable comparison between economies, which is crucial for international trade, investment decisions, and economic competitiveness. More specifically, this indicator is related to national accounts aggregates. Gross Domestic Product (GDP), Gross National Income (GNI), and other aggregates provide a snapshot of the size and health of an economy by measuring the total economic activity within a country. They can thus be used by policymakers to design and implement economic policies, as they reflect the overall economic performance and can indicate the need for intervention in certain areas. Aggregates also allow for comparisons between different economies, which can be useful for trade negotiations, investment decisions, and economic benchmarking. By examining aggregates over time, economists and analysts can identify trends, cycles, and potential areas of concern within an economy, and investors can use national accounts aggregates to assess the potential risks and returns of investing in a particular country. Overall, national accounts aggregates are fundamental tools for economic analysis, policy formulation, and decision-making at both the national and international levels.",,,,https://datacatalog.worldbank.org/public-licenses#cc-by
NY.GNP.PCAP.PP.CD,CC BY-4.0,"GNI per capita, PPP (current international $)","This indicator provides values for gross national income (GNI) per person expressed in current international dollars, converted by purchasing power parities (PPPs). PPPs account for the different price levels across countries and thus PPP-based comparisons of economic output are more appropriate for comparing the output of economies and the average material well-being of their inhabitants than exchange-rate based comparisons. 

Gross national income is the total income earned by all residents within an economic territory during an accounting period. It is equal to gross domestic product plus earned income receivable from abroad minus earned income payable abroad. The core indicator has been divided by the general population to achieve a per capita estimate. This series has been linked to produce a consistent time series to counteract breaks in series over time due to changes in base years, source data and methodologies. Thus, it may not be comparable with other national accounts series in the database for historical years. This indicator is expressed in current prices, meaning no adjustment has been made to account for price changes over time. The PPP conversion factor is a currency conversion factor and a spatial price deflator. PPPs convert different currencies to a common currency and, in the process of conversion, equalize their purchasing power by eliminating the differences in price levels between countries, thereby allowing volume or output comparisons of GDP and its expenditure components.","International Comparison Program (ICP), World Bank (WB), uri: https://www.worldbank.org/en/programs/icp/data, note: This information is for ICP�s PPPs utilized in WDI, publisher: International Comparison Program (ICP), date accessed: May 30, 2024, date published: May 30, 2024;
The Eurostat PPP Programme, Eurostat (ESTAT), uri: https://ec.europa.eu/eurostat/databrowser/explore/all/all_themes, publisher: Eurostat;
The OECD PPP Programme, Organisation for Economic Co-operation and Development (OECD), uri: https://data-explorer.oecd.org/, publisher: OECD;
Staff estimates, World Bank (WB);
National Accounts data files, Organisation for Economic Co-operation and Development (OECD);
World Economic Outlook database, International Monetary Fund (IMF)",Economic Policy & Debt: Purchasing power parity,WB_WDI,Current international $,Annual,1990-2024,Weighted average,"Methodology: The International Comparison Program (ICP) estimates PPPs for the world�s countries. The ICP is conducted as a global partnership of countries, multilateral agencies, and academia. The recent 2021 ICP comparison covered 176 countries, including 49 Eurostat-OECD countries. For countries that have not participated in ICP comparisons, the PPP are imputed based on a regression model. ICP estimated PPPs cover years from 2011 to 2021. WDI extrapolates 2011 PPPs for years earlier years, and 2021 PPPs for later years. For the member countries of Eurostat-OECD PPP Programme, PPP conversion factors are periodically updated based on the organizations� databases. 

National accounts are compiled in accordance with international standards: System of National Accounts, 2008 or 1993 versions. Specific information on how countries compile their national accounts can be found on the IMF website: https://dsbb.imf.org/  Linked series have been smoothed to remove breaks resulting from changes in base years, data sources or compilation methods. The linking is performed using historical nominal growth rates from archived WDI databases.
Statistical concept(s): PPPs are primarily used to convert the national accounts data of economies, such as GDP and its expenditure components, into a common currency.  In the process of conversion, they control for differences in the price levels of economies, and thus equalize purchasing power. PPP-based comparisons of economic output differ from market exchange rate-based comparisons as the latter do not distinguish between the relative price levels of different items in economies. Overall price levels are normally higher in higher-income economies than they are in lower-income economies (Balassa-Samuelson effect), mostly because of the large differences in price levels for non-traded products. If no account is taken of the larger price level differences for non-traded products when converting GDP to a common currency, the size of higher-income economies with high price levels will be overstated and the size of lower-income economies with low price levels will be understated. No distinction is made between traded products and non-traded products when market exchange rates are used to convert GDP to a common currency: the rate is the same for all products. PPP-converted GDP does not have this bias because PPPs account for the different price levels of traded products and non-traded products. Thus, PPPs are more appropriate for comparing the output of economies and the average material well-being of their inhabitants and are also less impacted by the potential volatility of market exchange rates. PPPs are calculated by the International Comparison Program (ICP) based on the prices of goods and services within an economy and national accounts expenditures. 

The conceptual elements of the SNA (System of National Accounts) measure what takes place in the economy, between which agents, and for what purpose. At the heart of the SNA is the production of goods and services. These may be used for consumption in the period to which the accounts relate or may be accumulated for use in a later period. In simple terms, the amount of value added generated by production represents GDP. The income corresponding to GDP is distributed to the various agents or groups of agents as income and it is the process of distributing and redistributing income that allows one agent to consume the goods and services produced by another agent or to acquire goods and services for later consumption. The way in which the SNA captures this pattern of economic flows is to identify the activities concerned by recognizing the institutional units in the economy and by specifying the structure of accounts capturing the transactions relevant to one stage or another of the process by which goods and services are produced and ultimately consumed.","PPPs are used to convert national accounts data from different countries, such as GDP and its expenditure components, into a common currency, while also eliminating the effect of price level differences between countries. PPPs are also used to derive price level indexes (PLIs), the ratio of a country�s PPP to its market exchange rate, to directly compare price levels across countries.
The PPP-based expenditures to which they give rise are primarily used to make spatial comparisons of volume and per capita consumption or levels of GDP and its expenditure components across countries.  PPP-based indicators are used for national, regional, and global policy making and analysis across the socioeconomic spectrum from poverty and inequality, to health and education, to energy and climate, through to economic growth, labor, productivity, trade, competitiveness, and infrastructure. A number of Sustainable Development Goals use PPP-based indicators to measure development progress.

This indicator is related to the national accounts, which are critical for understanding and managing a country's economy. They provide a framework for the analysis of economic performance. National accounts are the basis for estimating the Gross Domestic Product (GDP) and Gross National Income (GNI), which are the most widely used indicator of economic performance. They are essential for government policymakers, providing the data needed to design and assess fiscal and monetary policies; and are also used by businesses and investors to assess the economic climate and make investment decisions. NAS enable comparison between economies, which is crucial for international trade, investment decisions, and economic competitiveness. More specifically, this indicator is related to national accounts aggregates. Gross Domestic Product (GDP), Gross National Income (GNI), and other aggregates provide a snapshot of the size and health of an economy by measuring the total economic activity within a country. They can thus be used by policymakers to design and implement economic policies, as they reflect the overall economic performance and can indicate the need for intervention in certain areas. Aggregates also allow for comparisons between different economies, which can be useful for trade negotiations, investment decisions, and economic benchmarking. By examining aggregates over time, economists and analysts can identify trends, cycles, and potential areas of concern within an economy, and investors can use national accounts aggregates to assess the potential risks and returns of investing in a particular country. Overall, national accounts aggregates are fundamental tools for economic analysis, policy formulation, and decision-making at both the national and international levels.",,,,https://datacatalog.worldbank.org/public-licenses#cc-by
NY.GNP.ATLS.CD,CC BY-4.0,"GNI, Atlas method (current US$)","Gross national income is the total income earned by all residents within an economic territory during an accounting period. It is equal to gross domestic product plus earned income receivable from abroad minus earned income payable abroad. This figure is converted to U.S. dollars using the World Bank Atlas method. GNI, calculated in national currency, is usually converted to U.S. dollars at official exchange rates for comparisons across economies, although an alternative rate is used when the official exchange rate is judged to diverge by an exceptionally large margin from the rate actually applied in international transactions. To smooth fluctuations in prices and exchange rates, a special Atlas method of conversion is used by the World Bank. This applies a conversion factor that averages the exchange rate for a given year and the two preceding years, adjusted for differences in rates of inflation between the country, and through 2000, the G-5 countries (France, Germany, Japan, the United Kingdom, and the United States). From 2001, these countries include the Euro area, Japan, the United Kingdom, and the United States. This indicator is expressed in current prices, meaning no adjustment has been made to account for price changes over time. This indicator is expressed in United States dollars.","Country official statistics, National Statistical Organizations and/or Central Banks;
National Accounts data files, Organisation for Economic Co-operation and Development (OECD);
Staff estimates, World Bank (WB)",Economic Policy & Debt: National accounts: Atlas GNI & GNI per capita,WB_WDI,current US$,Annual,1962-2024,Gap-filled total,"Methodology: National accounts are compiled in accordance with international standards: System of National Accounts, 2008 or 1993 versions. Specific information on how countries compile their national accounts can be found on the IMF website: https://dsbb.imf.org/
Statistical concept(s): The conceptual elements of the SNA (System of National Accounts) measure what takes place in the economy, between which agents, and for what purpose. At the heart of the SNA is the production of goods and services. These may be used for consumption in the period to which the accounts relate or may be accumulated for use in a later period. In simple terms, the amount of value added generated by production represents GDP. The income corresponding to GDP is distributed to the various agents or groups of agents as income and it is the process of distributing and redistributing income that allows one agent to consume the goods and services produced by another agent or to acquire goods and services for later consumption. The way in which the SNA captures this pattern of economic flows is to identify the activities concerned by recognizing the institutional units in the economy and by specifying the structure of accounts capturing the transactions relevant to one stage or another of the process by which goods and services are produced and ultimately consumed.","This indicator is related to the national accounts, which are critical for understanding and managing a country's economy. They provide a framework for the analysis of economic performance. National accounts are the basis for estimating the Gross Domestic Product (GDP) and Gross National Income (GNI), which are the most widely used indicator of economic performance. They are essential for government policymakers, providing the data needed to design and assess fiscal and monetary policies; and are also used by businesses and investors to assess the economic climate and make investment decisions. NAS enable comparison between economies, which is crucial for international trade, investment decisions, and economic competitiveness. More specifically, this indicator is related to national accounts aggregates. Gross Domestic Product (GDP), Gross National Income (GNI), and other aggregates provide a snapshot of the size and health of an economy by measuring the total economic activity within a country. They can thus be used by policymakers to design and implement economic policies, as they reflect the overall economic performance and can indicate the need for intervention in certain areas. Aggregates also allow for comparisons between different economies, which can be useful for trade negotiations, investment decisions, and economic benchmarking. By examining aggregates over time, economists and analysts can identify trends, cycles, and potential areas of concern within an economy, and investors can use national accounts aggregates to assess the potential risks and returns of investing in a particular country. Overall, national accounts aggregates are fundamental tools for economic analysis, policy formulation, and decision-making at both the national and international levels.",,,,https://datacatalog.worldbank.org/public-licenses#cc-by
NY.GNP.MKTP.PP.CD,CC BY-4.0,"GNI, PPP (current international $)","This indicator provides values for gross national income (GNI) expressed in current international dollars, converted by purchasing power parities (PPPs). PPPs account for the different price levels across countries and thus PPP-based comparisons of economic output are more appropriate for comparing the output of economies and the average material well-being of their inhabitants than exchange-rate based comparisons. 

Gross national income is the total income earned by all residents within an economic territory during an accounting period. It is equal to gross domestic product plus earned income receivable from abroad minus earned income payable abroad. This series has been linked to produce a consistent time series to counteract breaks in series over time due to changes in base years, source data and methodologies. Thus, it may not be comparable with other national accounts series in the database for historical years. This indicator is expressed in current prices, meaning no adjustment has been made to account for price changes over time. The PPP conversion factor is a currency conversion factor and a spatial price deflator. PPPs convert different currencies to a common currency and, in the process of conversion, equalize their purchasing power by eliminating the differences in price levels between countries, thereby allowing volume or output comparisons of GDP and its expenditure components.","International Comparison Program (ICP), World Bank (WB), uri: https://www.worldbank.org/en/programs/icp/data, note: This information is for ICP�s PPPs utilized in WDI, publisher: International Comparison Program (ICP), date accessed: May 30, 2024, date published: May 30, 2024;
The Eurostat PPP Programme, Eurostat (ESTAT), uri: https://ec.europa.eu/eurostat/databrowser/explore/all/all_themes, publisher: Eurostat;
The OECD PPP Programme, Organisation for Economic Co-operation and Development (OECD), uri: https://data-explorer.oecd.org/, publisher: OECD;
Staff estimates, World Bank (WB);
National Accounts data files, Organisation for Economic Co-operation and Development (OECD);
World Economic Outlook database, International Monetary Fund (IMF)",Economic Policy & Debt: Purchasing power parity,WB_WDI,Current international $,Annual,1990-2024,Gap-filled total,"Methodology: The International Comparison Program (ICP) estimates PPPs for the world�s countries. The ICP is conducted as a global partnership of countries, multilateral agencies, and academia. The recent 2021 ICP comparison covered 176 countries, including 49 Eurostat-OECD countries. For countries that have not participated in ICP comparisons, the PPP are imputed based on a regression model. ICP estimated PPPs cover years from 2011 to 2021. WDI extrapolates 2011 PPPs for years earlier years, and 2021 PPPs for later years. For the member countries of Eurostat-OECD PPP Programme, PPP conversion factors are periodically updated based on the organizations� databases. 

National accounts are compiled in accordance with international standards: System of National Accounts, 2008 or 1993 versions. Specific information on how countries compile their national accounts can be found on the IMF website: https://dsbb.imf.org/  Linked series have been smoothed to remove breaks resulting from changes in base years, data sources or compilation methods. The linking is performed using historical nominal growth rates from archived WDI databases.
Statistical concept(s): PPPs are primarily used to convert the national accounts data of economies, such as GDP and its expenditure components, into a common currency.  In the process of conversion, they control for differences in the price levels of economies, and thus equalize purchasing power. PPP-based comparisons of economic output differ from market exchange rate-based comparisons as the latter do not distinguish between the relative price levels of different items in economies. Overall price levels are normally higher in higher-income economies than they are in lower-income economies (Balassa-Samuelson effect), mostly because of the large differences in price levels for non-traded products. If no account is taken of the larger price level differences for non-traded products when converting GDP to a common currency, the size of higher-income economies with high price levels will be overstated and the size of lower-income economies with low price levels will be understated. No distinction is made between traded products and non-traded products when market exchange rates are used to convert GDP to a common currency: the rate is the same for all products. PPP-converted GDP does not have this bias because PPPs account for the different price levels of traded products and non-traded products. Thus, PPPs are more appropriate for comparing the output of economies and the average material well-being of their inhabitants and are also less impacted by the potential volatility of market exchange rates. PPPs are calculated by the International Comparison Program (ICP) based on the prices of goods and services within an economy and national accounts expenditures. 

The conceptual elements of the SNA (System of National Accounts) measure what takes place in the economy, between which agents, and for what purpose. At the heart of the SNA is the production of goods and services. These may be used for consumption in the period to which the accounts relate or may be accumulated for use in a later period. In simple terms, the amount of value added generated by production represents GDP. The income corresponding to GDP is distributed to the various agents or groups of agents as income and it is the process of distributing and redistributing income that allows one agent to consume the goods and services produced by another agent or to acquire goods and services for later consumption. The way in which the SNA captures this pattern of economic flows is to identify the activities concerned by recognizing the institutional units in the economy and by specifying the structure of accounts capturing the transactions relevant to one stage or another of the process by which goods and services are produced and ultimately consumed.","PPPs are used to convert national accounts data from different countries, such as GDP and its expenditure components, into a common currency, while also eliminating the effect of price level differences between countries. PPPs are also used to derive price level indexes (PLIs), the ratio of a country�s PPP to its market exchange rate, to directly compare price levels across countries.
The PPP-based expenditures to which they give rise are primarily used to make spatial comparisons of volume and per capita consumption or levels of GDP and its expenditure components across countries.  PPP-based indicators are used for national, regional, and global policy making and analysis across the socioeconomic spectrum from poverty and inequality, to health and education, to energy and climate, through to economic growth, labor, productivity, trade, competitiveness, and infrastructure. A number of Sustainable Development Goals use PPP-based indicators to measure development progress.

This indicator is related to the national accounts, which are critical for understanding and managing a country's economy. They provide a framework for the analysis of economic performance. National accounts are the basis for estimating the Gross Domestic Product (GDP) and Gross National Income (GNI), which are the most widely used indicator of economic performance. They are essential for government policymakers, providing the data needed to design and assess fiscal and monetary policies; and are also used by businesses and investors to assess the economic climate and make investment decisions. NAS enable comparison between economies, which is crucial for international trade, investment decisions, and economic competitiveness. More specifically, this indicator is related to national accounts aggregates. Gross Domestic Product (GDP), Gross National Income (GNI), and other aggregates provide a snapshot of the size and health of an economy by measuring the total economic activity within a country. They can thus be used by policymakers to design and implement economic policies, as they reflect the overall economic performance and can indicate the need for intervention in certain areas. Aggregates also allow for comparisons between different economies, which can be useful for trade negotiations, investment decisions, and economic benchmarking. By examining aggregates over time, economists and analysts can identify trends, cycles, and potential areas of concern within an economy, and investors can use national accounts aggregates to assess the potential risks and returns of investing in a particular country. Overall, national accounts aggregates are fundamental tools for economic analysis, policy formulation, and decision-making at both the national and international levels.",,,,https://datacatalog.worldbank.org/public-licenses#cc-by
NE.GDI.TOTL.ZS,CC BY-4.0,Gross capital formation (% of GDP),"Gross capital formation includes acquisitions less disposals of produced assets for purposes of fixed capital formation, inventories or valuables. This indicator is expressed as a percentage of Gross Domestic Product (GDP) which is the total income earned through the production of goods and services in an economic territory during an accounting period.","Country official statistics, National Statistical Organizations and/or Central Banks;
National Accounts data files, Organisation for Economic Co-operation and Development (OECD);
Staff estimates, World Bank (WB)",Economic Policy & Debt: National accounts: Shares of GDP & other,WB_WDI,%,Annual,1960-2024,Weighted average,"Methodology: National accounts are compiled in accordance with international standards: System of National Accounts, 2008 or 1993 versions. Specific information on how countries compile their national accounts can be found on the IMF website: https://dsbb.imf.org/
Statistical concept(s): The conceptual elements of the SNA (System of National Accounts) measure what takes place in the economy, between which agents, and for what purpose. At the heart of the SNA is the production of goods and services. These may be used for consumption in the period to which the accounts relate or may be accumulated for use in a later period. In simple terms, the amount of value added generated by production represents GDP. The income corresponding to GDP is distributed to the various agents or groups of agents as income and it is the process of distributing and redistributing income that allows one agent to consume the goods and services produced by another agent or to acquire goods and services for later consumption. The way in which the SNA captures this pattern of economic flows is to identify the activities concerned by recognizing the institutional units in the economy and by specifying the structure of accounts capturing the transactions relevant to one stage or another of the process by which goods and services are produced and ultimately consumed.","This indicator is related to the national accounts, which are critical for understanding and managing a country's economy. They provide a framework for the analysis of economic performance. National accounts are the basis for estimating the Gross Domestic Product (GDP) and Gross National Income (GNI), which are the most widely used indicator of economic performance. They are essential for government policymakers, providing the data needed to design and assess fiscal and monetary policies; and are also used by businesses and investors to assess the economic climate and make investment decisions. NAS enable comparison between economies, which is crucial for international trade, investment decisions, and economic competitiveness. More specifically, this indicator is related to the expenditure approach used to calculate GDP, which focuses on the total amount of spending on final goods and services within an economy over a specific period. Unlike the production approach, which looks at the supply side by summing the value of output produced by all sectors, the expenditure approach looks at the demand side by summing all expenditures. This demand-side analysis provides insights into the spending behaviors of different sectors, including households, businesses, the government, and foreign entities. Also, by breaking down expenditures into categories like consumption, investment, government spending, and net exports, it helps identify which components are driving or hindering economic growth. This approach can thus be used to assess the effectiveness of fiscal and monetary policies. Overall, the expenditure approach is crucial for understanding the dynamics of an economy, guiding policy decisions, and providing a comprehensive view of economic activity from the perspective of total spending.","Because policymakers have tended to focus on fostering the growth of output, and because data on production are easier to collect than data on spending, many countries generate their primary estimate of GDP using the production approach. Moreover, many countries do not estimate all the components of national expenditures but instead derive some of the main aggregates indirectly using GDP (based on the production approach) as the control total.





Data on capital formation may be estimated from direct surveys of enterprises and administrative records or based on the commodity flow method using data from production, trade, and construction activities. The quality of data on government fixed capital formation depends on the quality of government accounting systems (which tend to be weak in developing countries). Measures of fixed capital formation by households and corporations - particularly capital outlays by small, unincorporated enterprises - are usually unreliable.





Estimates of changes in inventories are rarely complete but usually include the most important activities or commodities. In some countries these estimates are derived as a composite residual along with household final consumption expenditure. According to national accounts conventions, adjustments should be made for appreciation of the value of inventory holdings due to price changes, but this is not always done. In highly inflationary economies this element can be substantial.",,,https://datacatalog.worldbank.org/public-licenses#cc-by
TX.VAL.TECH.MF.ZS,CC BY-4.0,High-technology exports (% of manufactured exports),"High-technology exports are products with high R&D intensity, such as in aerospace, computers, pharmaceuticals, scientific instruments, and electrical machinery.","Comtrade database, United Nations (UN), uri: comtrade.un.org, publisher: UN Statistics Division;
World Integrated Trade Solution system (WITS), World Bank (WB), uri: https://wits.worldbank.org/",Infrastructure: Technology,WB_WDI,% of GDP,Annual,2007-2024,Weighted average,"Methodology: Data for high-technology exports are sourced from the United Nations Comtrade database and accessed through the World Integrated Trade Solution (WITS) platform. Export values are calculated as gross exports minus re-exports, using country-reported trade statistics. The methodology aggregates the value of exports for all products classified as high-technology according to SITC Rev.4 codes, as defined by Eurostat and the OECD. Periodic updates to product codes and conversion tables (e.g., from HS to SITC) are incorporated to maintain consistency and address data gaps. The indicator is published annually, and methodological adjustments�such as the inclusion of additional product codes to correct for conversion issues�are documented in the metadata to ensure transparency and comparability over time.
Statistical concept(s): High technology products are defined according to SITC Rev.4 as the sum of the following products: Aerospace, Computers-office machines, Electronics-telecommunications, Pharmacy, Scientific instruments, Electrical machinery, Chemistry, Non-electrical machinery, Armament. The following product codes are used: Aerospace: (714 � 71489 -71499)+7921+7922+7924+7925+79291+79293+87411; Computers-office machines: 75194+75195+752+75997; Electronics-communication: 76331+7638+(764-76493-76499)+7722+77261+77318+77625+77627+7763+7764+7768+89844+89846; Pharmacy: 5413+5415+5416+5421+5422; Scientific instruments: 774+871+87211+(874-87411-8742)+88111+88121+88411+88419+(8996-89965-89969); Electrical machinery: (7786-77861-777866-77869)+7787+77884; Chemistry: 52222+52223+52229+52269+525+531+57433+591; Non-electrical machinery: 71489+71499+7187+72847+7311+73131+73135+73142+73144+73151+73153+73161+73163+73165+73312+73314+73316+7359+73733+73735; Armament: 891
The list can also be accessed on the Eurostat website. This list, based on the OECD definition, contains technical products of which the manufacturing involved a high intensity of R&D. The original high-tech products classification is based on SITC Rev. 3 and is taken from Table 4 of Annex 2 of the 1997 working paper of Thomas Hatzichronouglou, OECD. In September 2019 the definition in the World Development Indicators database was updated to SITC Rev.4 from SITC Rev. 3.  The data are in current U.S. dollars and are sourced from the UN's Comtrade database.

Note: The definition of high technology exports in WDI was modified as of October 2024. Specifically the list of SITC Rev.4 high technology product codes now includes product code 776 in its entirety and that all data in its sub-categories is incorporated. This means that products codes 776.11, 776.12, 776.21, 776.23, 776.29 have been added to the high-tech list of products, which does not comply with OECD�s 2008 definition of high-tech.

This change was implemented to address the problem of missing data which occurs during the data conversion process from HS2022 to SITC4. This happens if a country submits export data in the HS2022 coding system and is no longer in HS2017. Specifically, the HS2022-to-SITC4 conversion table (downloaded from COMTRADE) does not break down product code 776.4+ into sub-categories, and the export data of these sub-categories has been subsumed into 776. Since there is no break down for 776.4+, extracting data from the SITC4 dataset in the COMTRADE database will yield zero value for SITC4 codes 776.4, 776.42, 776.44, 776.46, and 776.49 as defined in the OECD high-tech definition. Hence, when calculating high-tech export values using the forward method of summing up data from these five SITC4 codes will result in missing data caused by the conversion process. This can result in a significant year-on-year decline in high-tech export values for affected countries.","High-technology exports represent the value of products with high research and development (R&D) intensity, such as aerospace, computers, pharmaceuticals, scientific instruments, and advanced machinery, exported by a country in a given year. High-tech exports are defined according to a standard classification (based on SITC Rev.4, using a product-level approach originally developed by OECD in collaboration with Eurostat), which aggregates product codes associated with high R&D intensity.

From a development perspective, tracking high-technology exports reveals structural shifts in an economy: a rising volume of such exports may signal successful technology transfer, increasing domestic capacity for innovation, and greater economic sophistication. It provides empirical evidence of movement toward higher value-added production, which is often associated with stronger productivity growth, better jobs, improved trade balances, and long-term competitiveness. 

Moreover, by benchmarking across countries, the indicator helps policymakers and researchers assess how well an economy is diversifying away from resource- or low-technology-based exports and embedding itself in segments of global trade characterized by rapid innovation and technological change. Tracking high-technology exports also helps policymakers identify strengths and gaps in national innovation systems, benchmark progress against peers, and design targeted interventions to foster knowledge-intensive industries and diversify export portfolios.","The indicator is based on data reported by countries to COMTRADE. The export values presented in the World Development Indicators represent Gross Exports less Re-Exports. The values may be impacted in cases of reporting errors or missing data, for example if countries do not report Re-Exports for one or more periods.",,,https://datacatalog.worldbank.org/public-licenses#cc-by
SH.IMM.MEAS,CC BY-4.0,"Immunization, measles (% of children ages 12-23 months)","Child immunization, measles, measures the percentage of children ages 12-23 months who received the measles vaccination before 12 months or at any time before the survey. A child is considered adequately immunized against measles after receiving one dose of vaccine.","World Health Organization (WHO), uri: http://www.who.int/immunization/monitoring_surveillance/en/;
UN Children's Fund (UNICEF), uri: https://data.unicef.org/topic/child-health/immunization/",Health: Disease prevention,WB_WDI,Percentage,Annual,1980-2024,Weighted average,"Methodology: The data shown here are based on an assessment of national immunization coverage rates by the WHO and UNICEF. The assessment considered both administrative data from service providers and household survey data on children's immunization histories. Based on the data available, consideration of potential biases, and contributions of local experts, the most likely true level of immunization coverage was determined for each year. Notes on regional and global aggregates: When the vaccine is not introduced in a national immunization schedule, the missing value is assumed zero (or close to zero) in the relevant groups' averages.
Statistical concept(s): Governments in developing countries usually finance immunization against measles and diphtheria, pertussis (whooping cough), and tetanus (DTP) as part of the basic public health package.","Immunization is one of the most cost-effective public health interventions, and is an essential component for reducing under-five mortality. Immunization coverage estimates are used to monitor coverage of immunization services and to guide disease eradication and elimination efforts.",In many developing countries a lack of precise information on the size of the cohort of one-year-old children makes immunization coverage difficult to estimate from program statistics.,,,https://datacatalog.worldbank.org/public-licenses#cc-by
NE.IMP.GNFS.ZS,CC BY-4.0,Imports of goods and services (% of GDP),"Imports of goods includes change in the economic ownership of goods from non-residents to


residents of the compiling economy, irrespective of physical movement of goods across national borders. Imports of services includes services provided by non-residents to residents. This indicator is expressed as a percentage of Gross Domestic Product (GDP) which is the total income earned through the production of goods and services in an economic territory during an accounting period.","Country official statistics, National Statistical Organizations and/or Central Banks;
National Accounts data files, Organisation for Economic Co-operation and Development (OECD);
Staff estimates, World Bank (WB)",Economic Policy & Debt: National accounts: Shares of GDP & other,WB_WDI,%,Annual,1960-2024,Weighted average,"Methodology: National accounts are compiled in accordance with international standards: System of National Accounts, 2008 or 1993 versions. Specific information on how countries compile their national accounts can be found on the IMF website: https://dsbb.imf.org/
Statistical concept(s): The conceptual elements of the SNA (System of National Accounts) measure what takes place in the economy, between which agents, and for what purpose. At the heart of the SNA is the production of goods and services. These may be used for consumption in the period to which the accounts relate or may be accumulated for use in a later period. In simple terms, the amount of value added generated by production represents GDP. The income corresponding to GDP is distributed to the various agents or groups of agents as income and it is the process of distributing and redistributing income that allows one agent to consume the goods and services produced by another agent or to acquire goods and services for later consumption. The way in which the SNA captures this pattern of economic flows is to identify the activities concerned by recognizing the institutional units in the economy and by specifying the structure of accounts capturing the transactions relevant to one stage or another of the process by which goods and services are produced and ultimately consumed.","This indicator is related to the national accounts, which are critical for understanding and managing a country's economy. They provide a framework for the analysis of economic performance. National accounts are the basis for estimating the Gross Domestic Product (GDP) and Gross National Income (GNI), which are the most widely used indicator of economic performance. They are essential for government policymakers, providing the data needed to design and assess fiscal and monetary policies; and are also used by businesses and investors to assess the economic climate and make investment decisions. NAS enable comparison between economies, which is crucial for international trade, investment decisions, and economic competitiveness. More specifically, this indicator is related to the expenditure approach used to calculate GDP, which focuses on the total amount of spending on final goods and services within an economy over a specific period. Unlike the production approach, which looks at the supply side by summing the value of output produced by all sectors, the expenditure approach looks at the demand side by summing all expenditures. This demand-side analysis provides insights into the spending behaviors of different sectors, including households, businesses, the government, and foreign entities. Also, by breaking down expenditures into categories like consumption, investment, government spending, and net exports, it helps identify which components are driving or hindering economic growth. This approach can thus be used to assess the effectiveness of fiscal and monetary policies. Overall, the expenditure approach is crucial for understanding the dynamics of an economy, guiding policy decisions, and providing a comprehensive view of economic activity from the perspective of total spending.","Because policymakers have tended to focus on fostering the growth of output, and because data on production are easier to collect than data on spending, many countries generate their primary estimate of GDP using the production approach. Moreover, many countries do not estimate all the components of national expenditures but instead derive some of the main aggregates indirectly using GDP (based on the production approach) as the control total.





Data on exports and imports are compiled from customs reports and balance of payments data. Although the data from the payments side provide reasonably reliable records of cross-border transactions, they may not adhere strictly to the appropriate definitions of valuation and timing used in the balance of payments or corresponds to the change-of ownership criterion. This issue has assumed greater significance with the increasing globalization of international business. Neither customs nor balance of payments data usually capture the illegal transactions that occur in many countries. Goods carried by travelers across borders in legal but unreported shuttle trade may further distort trade statistics.",,,https://datacatalog.worldbank.org/public-licenses#cc-by
SI.DST.FRST.20,CC BY-4.0,Income share held by lowest 20%,Percentage share of income or consumption is the share that accrues to subgroups of population indicated by deciles or quintiles. Percentage shares by quintile may not sum to 100 because of rounding.,"World Bank, Poverty and Inequality Platform. Data are based on primary household survey data obtained from government statistical agencies and World Bank country departments. Data for high-income economies are mostly from the Luxembourg Income Study database. For more information and methodology, please see http://pip.worldbank.org., World Bank (WB), uri: http://pip.worldbank.org, note: Data are based on primary household survey data obtained from government statistical agencies and World Bank country departments. Data for high-income economies are mostly from the Luxembourg Income Study database.",Poverty: Income distribution,WB_WDI,%,Annual,1963-2024,NA,"Methodology: Inequality in the distribution of income is reflected in the share of income or consumption accruing to a portion of the population ranked by income or consumption levels. The portions ranked lowest by personal income receive the smallest shares of total income.







Data on the distribution of income or consumption come from nationally representative household surveys. Where the original data from the household survey were available, they have been used to directly calculate the income or consumption shares by quintile. Otherwise, shares have been estimated from the best available grouped data.







The distribution data have been adjusted for household size, providing a more consistent measure of per capita income or consumption. 







The year reflects the year in which the underlying household survey data were collected or, when the data collection period bridged two calendar years, the year data collection started.







Percentage shares by quintile may not sum to 100 because of rounding.
Statistical concept(s): The percentage of total income in a population that is held by the bottom quintile, meaning the bottom 20% of people when ranked from lowest to highest income.","It measures the level of inequality within countries (SDG 10). Inequality undermines economic growth and development in the long run, limits the potential of growth to reduce poverty, and weakens social cohesion and trust.","Despite progress in the last decade, the challenges of measuring poverty remain. The timeliness, frequency, quality, and comparability of household surveys need to increase substantially, particularly in the poorest countries. The availability and quality of poverty monitoring data remains low in small states, countries with fragile situations, and low-income countries and even some middle-income countries. The low frequency and lack of comparability of the data available in some countries create uncertainty over the magnitude of poverty reduction. 







Besides the frequency and timeliness of survey data, other data quality issues arise in measuring household living standards. The surveys ask detailed questions on sources of income and how it was spent, which must be carefully recorded by trained personnel. Income is generally more difficult to measure accurately, and consumption comes closer to the notion of living standards. And income can vary over time even if living standards do not. But consumption data are not always available: the latest estimates reported here use consumption data for about two-thirds of countries.







However, even similar surveys may not be strictly comparable because of differences in timing or in the quality and training of enumerators. Comparisons of countries at different levels of development also pose a potential problem because of differences in the relative importance of the consumption of nonmarket goods. The local market value of all consumption in kind (including own production, particularly important in underdeveloped rural economies) should be included in total consumption expenditure but may not be. Most survey data now include valuations for consumption or income from own production, but valuation methods vary.",,The World Bank�s internationally comparable poverty monitoring database now draws on income or detailed consumption data from more than 2000 household surveys across 169 countries. See the Poverty and Inequality Platform (PIP) for details (www.pip.worldbank.org).,https://datacatalog.worldbank.org/public-licenses#cc-by
NV.IND.TOTL.ZS,CC BY-4.0,"Industry, including construction, value added (% of GDP)","Industry (including construction) corresponds to ISIC (Rev.4) divisions 05-43. It is comprised of mining, manufacturing, construction, electricity, water, and gas industries. Value added is the contribution to the economy by a producer or an industry or an institutional sector, which is estimated by the total value of output produced and deducting the total value of intermediate consumption of goods and services used to produce that output. This indicator is expressed as a percentage of Gross Domestic Product (GDP) which is the total income earned through the production of goods and services in an economic territory during an accounting period.","Country official statistics, National Statistical Organizations and/or Central Banks;
National Accounts data files, Organisation for Economic Co-operation and Development (OECD);
Staff estimates, World Bank (WB)",Economic Policy & Debt: National accounts: Shares of GDP & other,WB_WDI,%,Annual,1960-2024,Weighted average,"Methodology: National accounts are compiled in accordance with international standards: System of National Accounts, 2008 or 1993 versions. Specific information on how countries compile their national accounts can be found on the IMF website: https://dsbb.imf.org/
Statistical concept(s): The conceptual elements of the SNA (System of National Accounts) measure what takes place in the economy, between which agents, and for what purpose. At the heart of the SNA is the production of goods and services. These may be used for consumption in the period to which the accounts relate or may be accumulated for use in a later period. In simple terms, the amount of value added generated by production represents GDP. The income corresponding to GDP is distributed to the various agents or groups of agents as income and it is the process of distributing and redistributing income that allows one agent to consume the goods and services produced by another agent or to acquire goods and services for later consumption. The way in which the SNA captures this pattern of economic flows is to identify the activities concerned by recognizing the institutional units in the economy and by specifying the structure of accounts capturing the transactions relevant to one stage or another of the process by which goods and services are produced and ultimately consumed.","This indicator is related to the national accounts, which are critical for understanding and managing a country's economy. They provide a framework for the analysis of economic performance. National accounts are the basis for estimating the Gross Domestic Product (GDP) and Gross National Income (GNI), which are the most widely used indicator of economic performance. They are essential for government policymakers, providing the data needed to design and assess fiscal and monetary policies; and are also used by businesses and investors to assess the economic climate and make investment decisions. NAS enable comparison between economies, which is crucial for international trade, investment decisions, and economic competitiveness. More specifically, this indicator is related to the production approach (or output approach) used to calculate GDP, which gives detailed breakdown of the economy by sectors, providing valuable insights into the structure of an economy and its key drivers of growth. It helps in identifying which sectors are expanding or contracting, information that is crucial for policymakers when designing economic strategies and interventions. Additionally, by focusing on the production side, it reflects the supply conditions of an economy, which can be particularly important when analyzing issues like productivity and competitiveness.","Ideally, industrial output should be measured through regular censuses and surveys of firms. But in most developing countries such surveys are infrequent, so earlier survey results must be extrapolated using an appropriate indicator. The choice of sampling unit, which may be the enterprise (where responses may be based on financial records) or the establishment (where production units may be recorded separately), also affects the quality of the data. Moreover, much industrial production is organized in unincorporated or owner-operated ventures that are not captured by surveys aimed at the formal sector. Even in large industries, where regular surveys are more likely, evasion of excise and other taxes and nondisclosure of income lower the estimates of value added. Such problems become more acute as countries move from state control of industry to private enterprise, because new firms and growing numbers of established firms fail to report. In accordance with the System of National Accounts, output should include all such unreported activity as well as the value of illegal activities and other unrecorded, informal, or small-scale operations. Data on these activities need to be collected using techniques other than conventional surveys of firms.",,"Note: Data for OECD countries are based on ISIC, revision 4.",https://datacatalog.worldbank.org/public-licenses#cc-by
NY.GDP.DEFL.KD.ZG,CC BY-4.0,"Inflation, GDP deflator (annual % growth)",Inflation as measured by the annual growth rate of the GDP implicit deflator shows the rate of price change in the economy as a whole. The GDP implicit deflator is the ratio of GDP in current local currency to GDP in constant local currency.,"Country official statistics, National Statistical Organizations and/or Central Banks;
National Accounts data files, Organisation for Economic Co-operation and Development (OECD);
Staff estimates, World Bank (WB)",Financial Sector: Exchange rates & prices,WB_WDI,%,Annual,1961-2024,Median,"Methodology: National accounts are compiled in accordance with international standards: System of National Accounts, 2008 or 1993 versions. Specific information on how countries compile their national accounts can be found on the IMF website: https://dsbb.imf.org/
Statistical concept(s): The conceptual elements of the SNA (System of National Accounts) measure what takes place in the economy, between which agents, and for what purpose. At the heart of the SNA is the production of goods and services. These may be used for consumption in the period to which the accounts relate or may be accumulated for use in a later period. In simple terms, the amount of value added generated by production represents GDP. The income corresponding to GDP is distributed to the various agents or groups of agents as income and it is the process of distributing and redistributing income that allows one agent to consume the goods and services produced by another agent or to acquire goods and services for later consumption. The way in which the SNA captures this pattern of economic flows is to identify the activities concerned by recognizing the institutional units in the economy and by specifying the structure of accounts capturing the transactions relevant to one stage or another of the process by which goods and services are produced and ultimately consumed.","This indicator is related to the national accounts, which are critical for understanding and managing a country's economy. They provide a framework for the analysis of economic performance. National accounts are the basis for estimating the Gross Domestic Product (GDP) and Gross National Income (GNI), which are the most widely used indicator of economic performance. They are essential for government policymakers, providing the data needed to design and assess fiscal and monetary policies; and are also used by businesses and investors to assess the economic climate and make investment decisions. NAS enable comparison between economies, which is crucial for international trade, investment decisions, and economic competitiveness. More specifically, this indicator is related to national accounts aggregates. Gross Domestic Product (GDP), Gross National Income (GNI), and other aggregates provide a snapshot of the size and health of an economy by measuring the total economic activity within a country. They can thus be used by policymakers to design and implement economic policies, as they reflect the overall economic performance and can indicate the need for intervention in certain areas. Aggregates also allow for comparisons between different economies, which can be useful for trade negotiations, investment decisions, and economic benchmarking. By examining aggregates over time, economists and analysts can identify trends, cycles, and potential areas of concern within an economy, and investors can use national accounts aggregates to assess the potential risks and returns of investing in a particular country. Overall, national accounts aggregates are fundamental tools for economic analysis, policy formulation, and decision-making at both the national and international levels.",,,,https://datacatalog.worldbank.org/public-licenses#cc-by
SP.DYN.LE00.IN,CC BY-4.0,"Life expectancy at birth, total (years)",Life expectancy at birth indicates the number of years a newborn infant would live if prevailing patterns of mortality at the time of its birth were to stay the same throughout its life.,"World Population Prospects, United Nations (UN), uri: UN Population Division;
Statistical databases and publications from national statistical offices, National statistical offices, note: Derived from male and female life expectancy at birth from sources such as statistical databases and publications from national statistical offices.;
Demographic Statistics, Eurostat (ESTAT), note: Derived from male and female life expectancy at birth from sources such as Eurostat: Demographic Statistics.",Health: Mortality,WB_WDI,Years,Annual,1960-2023,Weighted average,"Methodology: Life expectancy at birth is derived from life tables and is based on sex- and age-specific death rates, or derived from male and female life expectancy at birth.
Statistical concept(s): Life expectancy at birth used here is the average number of years a newborn is expected to live if mortality patterns at the time of its birth remain constant in the future. It reflects the overall mortality level of a population, and summarizes the mortality pattern that prevails across all age groups in a given year. It is calculated in a period life table which provides a snapshot of a population's mortality pattern at a given time. It therefore does not reflect the mortality pattern that a person actually experiences during his/her life, which can be calculated in a cohort life table.



High mortality in young age groups significantly lowers the life expectancy at birth. But if a person survives his/her childhood of high mortality, he/she may live much longer. For example, in a population with a life expectancy at birth of 50, there may be few people dying at age 50. The life expectancy at birth may be low due to the high childhood mortality so that once a person survives his/her childhood, he/she may live much longer than 50 years.","Mortality rates for different age groups (infants, children, and adults) and overall mortality indicators (life expectancy at birth or survival to a given age) are important indicators of health status in a country. Because data on the incidence and prevalence of diseases are frequently unavailable, mortality rates are often used to identify vulnerable populations. And they are among the indicators most frequently used to compare socioeconomic development across countries.",Annual data series from United Nations Population Division's World Population Prospects are interpolated data from 5-year period data. Therefore they may not reflect real events as much as observed data.,,,https://datacatalog.worldbank.org/public-licenses#cc-by
TG.VAL.TOTL.GD.ZS,CC BY-4.0,Merchandise trade (% of GDP),"General merchandise trade includes goods whose economic ownership is changed between a resident and a non-resident and that are not included in the following specific categories: goods under merchanting, non-monetary gold, and parts of travel, construction, and government goods and services n.i.e. It is the total of merchandise exports plus merchandise imports. This indicator is expressed as a percentage of Gross Domestic Product (GDP) which is the total income earned through the production of goods and services in an economic territory during an accounting period.","World Trade Organization (WTO);
World Bank GDP estimates, World Bank (WB);
World Development Indicators, World Bank (WB)",Private Sector & Trade: Total merchandise trade,WB_WDI,%,Annual,1960-2024,Weighted average,"Methodology: International merchandise trade statistics are compiled in accordance with international standards: International Merchandise Trade statistics � Concepts and Definitions 2010. Specific information on how countries compile their merchandise trade statistics can be found on the IMF website: https://dsbb.imf.org/
Statistical concept(s): The conceptual basis for international merchandise trade statistics covers a specialized multipurpose domain of official statistics concerned with the provision of data on the movements of goods between countries and areas. Trade statistics are compiled to serve the needs of many users, including Governments; the business community; compilers of other economic statistics, such as balance of payments and national accounts; various regional, supranational and international organizations; researchers; and the public at large. Different users need different data, ranging from data sets by country and commodity at varying levels of detail to aggregated figures.","This indicator is related to the trade statistics, which are essential for gauging a country's economic performance, particularly through the lens of its trade balance, which is the net of exports against imports. These statistics inform government trade policy, trade agreement negotiations, and decisions on tariffs and other trade barriers. For businesses, this information is crucial for strategic decisions about export and import locations, market entry, and product pricing. By enabling comparisons between nations, trade data sheds light on competitive strengths and the movement of goods and services internationally. It's also key for monitoring trade trends, including the rise of new markets or shifts in commodity demand, and for identifying both opportunities for growth and potential economic risks. Trade volumes and values are important economic indicators, offering insights into the economic health of a nation and affecting investment decisions and forecasts. Overall, trade statistics play a central role in understanding the complexities of global trade and in guiding both macroeconomic policy and microeconomic business decisions.",,,,https://datacatalog.worldbank.org/public-licenses#cc-by
MS.MIL.XPND.GD.ZS,CC BY-4.0,Military expenditure (% of GDP),Military expenditure by country as percentage of gross domestic product,"SIPRI Military Expenditure Database, Stockholm International Peace Research Institute (SIPRI), uri: https://www.sipri.org/databases",Public Sector: Defense & arms trade,WB_WDI,% of GDP,Annual,1960-2024,Weighted average,"Methodology: Military expenditure data is collected from primary and secondary sources. Primary sources include official government publications such as national budgets, defense white papers, financial statistics, and responses to questionnaires from SIPRI, the UN, or the OSCE, as well as expert analyses of government budgets. Secondary sources draw on these primary materials and include international datasets produced by organizations like NATO and the IMF, as well as reference works such as the German Statistisches Jahrbuch, the Europa Yearbook, and Economist Intelligence Unit country reports. Other secondary sources are journals and newspapers. Historically, especially before 1988, secondary sources (notably IMF and UN statistics) were used more heavily due to limited availability of official national data. In recent years, the availability of primary government data has increased significantly.

SIPRI uses government-reported military expenditure data as the baseline and only produces its own estimates when official data are incomplete or inconsistent across years. Estimates are created through detailed budget analysis or by merging overlapping data sources, giving priority to those that best fit SIPRI�s definition, are up-to-date, and provide continuous time series. Older pre-1988 data often required combining secondary sources like IMF GFS and UNSY, which differ in definitions (e.g., excluding military pensions).  SIPRI avoids making assumptions and does not estimate spending for countries lacking any official data. In SIPRI�s database, estimated values appear in blue, while figures considered uncertain, because of weak sources or volatile conditions, appear in red. For recent years, budget projections and deflator-based adjustments are common but flagged only when uncertainty is unusually high.

SIPRI presents military expenditure data on a calendar-year basis (except for the U.S., which uses financial years) and converts figures to constant prices using national consumer price indices to reflect opportunity costs. Local-currency data are converted to US dollars using average market exchange rates. 

Military spending as a share of GDP (�military burden�) is calculated using nominal local-currency values for both military expenditure and GDP. SIPRI also provides military spending as a share of total government expenditure, where IMF data permit. 

For additional information, please refer to the SIPRI website: https://www.sipri.org/databases/milex 
Refer to Other notes for the Statistical Concept(s).","Although national defense is an important function of government and security from external threats that contributes to economic development, high military expenditures for defense or civil conflicts burden the economy and may impede growth. Data on military expenditures as a share of gross domestic product (GDP) are a rough indicator of the portion of national resources used for military activities and of the burden on the economy.

As an "input" measure military expenditures are not directly related to the "output" of military activities, capabilities, or security. Comparisons of military spending among countries should take into account the many factors that influence perceptions of vulnerability and risk, including historical and cultural traditions, the length of borders that need defending, the quality of relations with neighbors, and the role of the armed forces in the body politic.

Comparisons of military spending among countries should take into account the many factors that influence perceptions of vulnerability and risk, including historical and cultural traditions, the length of borders that need defending, the quality of relations with neighbors, and the role of the armed forces in the body politic.","SIPRI strives to compile reliable, consistent military expenditure data by assessing multiple sources, but accuracy depends on the quality and transparency of those sources. Challenges arise from two key issues: whether reported figures reflect actual spending and how closely they match SIPRI�s definition. While data is generally accurate in developed and many developing countries, weak governance, corruption, and secret transfers in others can lead to major discrepancies. SIPRI sometimes makes estimates, when sources conflict or lack coverage, introducing uncertainty, especially for countries like China or the UAE. Definitions also vary: official defense budgets may omit pensions, paramilitary forces, or extra- and off-budget spending such as resource funds or military commercial activities, which can be substantial but often untraceable, particularly in Africa, the Middle East, and parts of Asia. SIPRI notes these gaps in footnotes, but where figures cannot be obtained, estimates remain incomplete, limiting comparability across countries.",,"Statistical concept(s): Although the lack of sufficiently detailed data makes it difficult to apply a common definition of military expenditure on a worldwide basis, SIPRI has adopted a definition as a guideline. Where possible, SIPRI military expenditure data include all current and capital expenditure on: (a) the armed forces, including peacekeeping forces; (b) defense ministries and other government agencies engaged in defense projects; (c) paramilitary forces, when judged to be trained and equipped for military operations; and (d) military space activities.

This should include expenditure on: (i) personnel, including: salaries of military and civil personnel; b. retirement pensions of military personnel, and; social services for personnel; (ii) operations and maintenance; (iii) procurement; (iv) military research and development; (v) military infrastructure spending, including military bases; and (vi) military aid (in the military expenditure of the donor country). 

SIPRI�s estimate of military aid includes financial contributions, training and operational costs, replacement costs of the military equipment stocks donated to recipients and payments to procure additional military equipment for the recipient. However, it does not include the estimated value of military equipment stocks donated.

Civil defense and spending related to past military activities�like veterans� benefits or demobilization�are excluded. Because many countries do not publish data detailed enough to perfectly match SIPRI�s definition, SIPRI often relies on national figures and prioritizes internal consistency over time rather than strict cross-country uniformity. As a result, SIPRI data are most reliable for analyzing trends rather than precise comparisons between countries, and users should consult footnotes for known deviations from the definition.",https://datacatalog.worldbank.org/public-licenses#cc-by
IT.CEL.SETS.P2,CC BY-4.0,Mobile cellular subscriptions (per 100 people),"Mobile cellular telephone subscriptions are subscriptions to a public mobile telephone service that provide access to the PSTN using cellular technology. The indicator includes (and is split into) the number of postpaid subscriptions, and the number of active prepaid accounts (i.e. that have been used during the last three months). The indicator applies to all mobile cellular subscriptions that offer voice communications. It excludes subscriptions via data cards or USB modems, subscriptions to public mobile data services, private trunked mobile radio, telepoint, radio paging and telemetry services.","World Telecommunication/ICT Indicators Database, International Telecommunication Union (ITU)",Infrastructure: Communications,WB_WDI,number of subscriptions*100/population,Annual,1960-2024,Weighted average,"Methodology: Refers to the subscriptions to a public mobile telephone service and provides access to Public Switched Telephone Network (PSTN) using cellular technology, including number of pre-paid SIM cards active during the past three months. This includes both analogue and digital cellular systems (IMT-2000 (Third Generation, 3G) and 4G subscriptions, but excludes mobile broadband subscriptions via data cards or USB modems. Subscriptions to public mobile data services, private trunked mobile radio, telepoint or radio paging, and telemetry services should also be excluded. This should include all mobile cellular subscriptions that offer voice communications.

Data on mobile cellular subscribers are derived using administrative data that countries (usually the regulatory telecommunication authority or the Ministry in charge of telecommunications) regularly, and at least annually, collect from telecommunications operators.

Data for this indicator are readily available for approximately 90 percent of countries, either through ITU's World Telecommunication Indicators questionnaires or from official information available on the Ministry or Regulator's website. For the rest, information can be aggregated through operators' data (mainly through annual reports) and complemented by market research reports.

Mobile cellular subscriptions (per 100 people) indicator is derived by all mobile subscriptions divided by the country's population and multiplied by 100. For additional/latest information on sources and country notes, please also refer to: https://www.itu.int/en/ITU-D/Statistics/Pages/stat/default.aspx
Statistical concept(s): Data can be collected from all licensed mobile-cellular operators in the country, and then aggregated at the country level. If retail mobile-cellular services are also provided by nonfacilities-based operators (i.e., mobile virtual network operators), care should be taken to avoid double counting. One difficulty that may arise is that operators may have different definitions of �active� and therefore may not be able to provide the data according to the recommended definition (i.e., used in the last three months). This indicator can be divided by the population and multiplied by 100 to obtain mobile cellular subscriptions per 100 people.","The quality of an economy's infrastructure, including power and communications, is an important element in investment decisions for both domestic and foreign investors. Government effort alone is not enough to meet the need for investments in modern infrastructure; public-private partnerships, especially those involving local providers and financiers, are critical for lowering costs and delivering value for money. In telecommunications, competition in the marketplace, along with sound regulation, is lowering costs, improving quality, and easing access to services around the globe.

Access to telecommunication services rose on an unprecedented scale over the past two decades. This growth was driven primarily by wireless technologies and liberalization of telecommunications markets, which have enabled faster and less costly network rollout. The International Telecommunication Union (ITU) estimates that there were about 6 billion mobile subscriptions globally in the early 2010s. No technology has ever spread faster around the world. Mobile communications have a particularly important impact in rural areas. The mobility, ease of use, flexible deployment, and relatively low and declining rollout costs of wireless technologies enable them to reach rural populations with low levels of income and literacy. The next billion mobile subscribers will consist mainly of the rural poor. Access is the key to delivering telecommunications services to people. If the service is not affordable to most people, goals of universal usage will not be met.

Mobile cellular telephone subscriptions are subscriptions to a public mobile telephone service using cellular technology, which provide access to the public switched telephone network (PSTN) using cellular technology. It includes postpaid and prepaid subscriptions and includes analogue and digital cellular systems.

Over the past decade new financing and technology, along with privatization and market liberalization, have spurred dramatic growth in telecommunications in many countries. With the rapid development of mobile telephony and the global expansion of the Internet, information and communication technologies are increasingly recognized as essential tools of development, contributing to global integration and enhancing public sector effectiveness, efficiency, and transparency.","Operators have traditionally been the main source of telecommunications data, so information on subscriptions has been widely available for most countries. This gives a general idea of access, but a more precise measure is the penetration rate - the share of households with access to telecommunications. During the past few years more information on information and communication technology use has become available from household and business surveys. Also important are data on actual use of telecommunications services. Ideally, statistics on telecommunications (and other information and communications technologies) should be compiled for all three measures: subscriptions, access, and use. The quality of data varies among reporting countries as a result of differences in regulations covering data provision and availability.

Discrepancies between global and national figures may arise when countries use a different definition than the one used by ITU. For example, some countries do not include the number of ISDN channels when calculating the number of fixed telephone lines. Discrepancies may also arise in cases where the end of a fiscal year differs from that used by ITU, which is the end of December of every year. A number of countries have fiscal years that end in March or June of every year. Data are usually not adjusted but discrepancies in the definition, reference year or the break in comparability in between years are noted in a data note. For this reason, data are not always strictly comparable. Missing values are estimated by ITU.

Mobile subscriptions include both analogue and digital cellular systems (IMT-2000 (Third Generation, 3G) and 4G subscriptions, but excludes mobile broadband subscriptions via data cards or USB modems. Subscriptions to public mobile data services, private trunked mobile radio, telepoint or radio paging, and telemetry services are also excluded, but all mobile cellular subscriptions that offer voice communications are included. Both postpaid and prepaid subscriptions are included.",,Please cite the International Telecommunication Union for third-party use of these data.,https://datacatalog.worldbank.org/public-licenses#cc-by
SH.DYN.MORT,CC BY-4.0,"Mortality rate, under-5 (per 1,000 live births)","Under-five mortality rate is the probability per 1,000 that a newborn baby will die before reaching age five, if subject to age-specific mortality rates of the specified year.","UN Inter-agency Group for Child Mortality Estimation, UN Children's Fund (UNICEF), uri: www.childmortality.org, publisher: UNICEF, WHO, World Bank, United Nations Population Division;
World Health Organization (WHO), uri: www.childmortality.org, note: UN Inter-agency Group for Child Mortality Estimation;
World Bank (WB), uri: www.childmortality.org, note: UN Inter-agency Group for Child Mortality Estimation;
United Nations (UN), uri: www.childmortality.org, note: UN Inter-agency Group for Child Mortality Estimation, publisher: UN Population Division",Health: Mortality,WB_WDI,Per 1000 live births,Annual,1960-2023,Weighted average,"Methodology: Estimates of neonatal, infant, and child mortality tend to vary by source and method for a given time and place. Years for available estimates also vary by country, making comparisons across countries and over time difficult. To make neonatal, infant, and child mortality estimates comparable and to ensure consistency across estimates by different agencies, the United Nations Inter-agency Group for Child Mortality Estimation (UN IGME), which comprises the United Nations Children's Fund (UNICEF), the World Health Organization (WHO), the World Bank, the United Nations Population Division, and other universities and research institutes, developed and adopted a statistical method that uses all available information to reconcile differences. The method uses statistical models to obtain a best estimate trend line by fitting a country-specific regression model of mortality rates against their reference dates.
Statistical concept(s): The main sources of mortality data are vital registration systems and direct or indirect estimates based on sample surveys or censuses. A "complete" vital registration system - covering at least 90 percent of vital events in the population - is the best source of age-specific mortality data.","Mortality rates for different age groups (infants, children, and adults) and overall mortality indicators (life expectancy at birth or survival to a given age) are important indicators of health status in a country. Because data on the incidence and prevalence of diseases are frequently unavailable, mortality rates are often used to identify vulnerable populations. And they are among the indicators most frequently used to compare socioeconomic development across countries.","Complete vital registration systems are fairly uncommon in developing countries. Thus estimates must be obtained from sample surveys or derived by applying indirect estimation techniques to registration, census, or survey data. Survey data are subject to recall error, and surveys estimating infant/child deaths require large samples because households in which a birth has occurred during a given year cannot ordinarily be preselected for sampling. Indirect estimates rely on model life tables that may be inappropriate for the population concerned. Extrapolations based on outdated surveys may not be reliable for monitoring changes in health status or for comparative analytical work.",,"Given that data on the incidence and prevalence of diseases are frequently unavailable, mortality rates are often used to identify vulnerable populations. Moreover, they are among the indicators most frequently used to compare socioeconomic development across countries. Under-five mortality rates are higher for boys than for girls in countries in which parental gender preferences are insignificant. Under-five mortality captures the effect of gender discrimination better than infant mortality does, as malnutrition and medical interventions have more significant impacts to this age group. Where female under-five mortality is higher, girls are likely to have less access to resources than boys.

Aggregate data for LIC, UMC, LMC, HIC are computed based on the groupings for the World Bank fiscal year in which the data was released by the UN Inter-agency Group for Child Mortality Estimation.

This is the Sustainable Development Goal indicator 3.2.1[https://unstats.un.org/sdgs/metadata/].",https://datacatalog.worldbank.org/public-licenses#cc-by
TT.PRI.MRCH.XD.WD,CC BY-4.0,Net barter terms of trade index (2015 = 100),"Net barter terms of trade index is calculated as the percentage ratio of the export unit value indexes to the import unit value indexes, measured relative to the base year 2015.",UN Conference on Trade and Development (UNCTAD),Trade,WB_WDI,,Annual,1980-2023,,"Methodology: The Net Barter Terms of Trade Index (base year 2015 = 100) is calculated as the ratio of an export price index to an import price index, multiplied by 100. This index measures the rate at which a country can exchange its exports for imports. A value greater than 100 means the terms of trade have improved relative to the base year, allowing the country to obtain more imports for a given level of exports. Conversely, a value below 100 indicates that the terms have worsened.

Export and import price indexes are derived from unit value data or sampled transaction-level data, depending on country-specific reporting practices. The price indexes may be computed using fixed or chain-weighted methods. To ensure temporal comparability, the export and import series are indexed to a common base year (2015 = 100).

The terms of trade index is sensitive to fluctuations in global commodity prices, exchange rate movements, and changes in trade composition. It is used to assess trade gains or losses, especially for countries reliant on exports of primary commodities. Although it does not capture changes in volumes traded, it provides insight into the relative value received for exports. Policymakers and researchers may use this indicator to monitor competitiveness and evaluate exposure to external shocks.",,,,,https://datacatalog.worldbank.org/public-licenses#cc-by
SM.POP.NETM,CC BY-4.0,Net migration,"Net migration is the net total of migrants during the period, that is, the number of immigrants minus the number of emigrants, including both citizens and noncitizens.","World Population Prospects, United Nations (UN), publisher: UN Population Division",Social Protection & Labor: Migration,WB_WDI,Unit,Annual,1960-2024,Sum,"Methodology: When there is insufficient data, net migration is derived through the difference between the overall population growth rate and the rate of natural increase (the difference between the birth rate and the death rate) during the same period. Such calculations are usually made for intercensal periods. The estimates are also derived from the data on foreign-born population - people who have residence in one country but were born in another country. When data on the foreign-born population are not available, data on foreign population - that is, people who are citizens of a country other than the country in which they reside - are used as estimates.
Statistical concept(s): The United Nations Population Division provides data on net migration and migrant stock. Because data on migrant stock is difficult for countries to collect, the United Nations Population Division takes into account the past migration history of a country or area, the migration policy of a country, and the influx of refugees in recent periods when deriving estimates of net migration. The data to calculate these estimates come from a variety of sources, including border statistics, administrative records, surveys, and censuses.","Movement of people, most often through migration, is a significant part of global integration. Migrants contribute to the economies of both their host country and their country of origin. Yet reliable statistics on migration are difficult to collect and are often incomplete, making international comparisons a challenge.



Global migration patterns have become increasingly complex in modern times, involving not just refugees, but also millions of economic migrants. In most developed countries, refugees are admitted for resettlement and are routinely included in population counts by censuses or population registers.



But refugees and migrants, even if they often travel in the same way, are fundamentally different, and for that reason are treated very differently under modern international law. Migrants, especially economic migrants, choose to move in order to improve the future prospects of themselves and their families. Refugees have to move if they are to save their lives or preserve their freedom.","International migration is the component of population change most difficult to measure and estimate reliably. Thus, the quality and quantity of the data used in the estimation and projection of net migration varies considerably by country. Furthermore, the movement of people across international boundaries, which is very often a response to changing socio-economic, political and environmental forces, is subject to a great deal of volatility. Refugee movements, for instance, may involve large numbers of people moving across boundaries in a short time. For these reasons, projections of future international migration levels are the least robust part of current population projections and reflect mainly a continuation of recent levels and trends in net migration.",,,https://datacatalog.worldbank.org/public-licenses#cc-by
DT.ODA.ALLD.CD,CC BY-4.0,Net official development assistance and official aid received (current US$),"Net official development assistance (ODA) consists of disbursements of loans made on concessional terms (net of repayments of principal) and grants by official agencies of the members of the Development Assistance Committee (DAC), by multilateral institutions, and by non-DAC countries to promote economic development and welfare in countries and territories in the DAC list of ODA recipients. It includes loans with a grant element of at least 25 percent (calculated at a rate of discount of 10 percent). Net official aid refers to aid flows (net of repayments) from official donors to countries and territories in part II of the DAC list of recipients: more advanced countries of Central and Eastern Europe, the countries of the former Soviet Union, and certain advanced developing countries and territories. Official aid is provided under terms and conditions similar to those for ODA. Part II of the DAC List was abolished in 2005. The collection of data on official aid and other resource flows to Part II countries ended with 2004 data. Data are in current U.S. dollars.","Development Assistance Committee, Organisation for Economic Co-operation and Development (OECD), uri: https://stats.oecd.org/;
Geographical Distribution of Financial Flows to Developing Countries, Organisation for Economic Co-operation and Development (OECD), uri: https://stats.oecd.org/;
Development Co-operation Report, Organisation for Economic Co-operation and Development (OECD), uri: https://stats.oecd.org/;
International Development Statistics database, Organisation for Economic Co-operation and Development (OECD), uri: https://stats.oecd.org/",Economic Policy & Debt: Official development assistance,WB_WDI,,Annual,1960-2023,Sum,"Methodology: The flows of official and private financial resources from the members of the Development Assistance Committee (DAC) of the Organisation for Economic Co-operation and Development (OECD) to developing economies are compiled by DAC, based principally on donor reports on bilateral programs by DAC members using standard questionnaires issued by the DAC Secretariat. DAC has 24 members - 23 individual economies and 1 multilateral institution (European Union institutions). 

Net official development assistance (ODA) consists of disbursements of loans made on concessional terms (net of repayments of principal) and grants by official agencies of the members of DAC, by multilateral institutions, and by non-DAC countries to promote economic development and welfare in countries and territories in the DAC list of ODA recipients. It includes loans with a grant element of at least 25 percent (calculated at a rate of discount of 10 percent). Data are in current U.S. dollars.

Total net disbursements is the sum of grants, capital subscriptions (deposit basis), recoveries and total net loans and other long-term capital.

The ODA excludes nonconcessional flows from official creditors, which are classified as "other official flows," and aid for military and anti-terrorism purposes. Transfer payments to private individuals, such as pensions, reparations, and insurance payouts, are in general not counted. In addition to financial flows, ODA includes technical cooperation, most expenditures for peacekeeping under UN mandates and assistance to refugees, contributions to multilateral institutions such as the United Nations and its specialized agencies, and concessional funding to multilateral development banks.

Flows are transfers of resources, either in cash or in the form of commodities or services measured on a cash basis. Short-term capital transactions (with one year or less maturity) are not counted. Repayments of the principal (but not interest) of ODA loans are recorded as negative flows. Proceeds from official equity investments in a developing country are reported as ODA, while proceeds from their later sale are recorded as negative flows.

Net official aid refers to aid flows (net of repayments) from official donors to countries and territories in part II of the DAC list of recipients: more advanced countries of Central and Eastern Europe, the countries of the former Soviet Union, and certain advanced developing countries and territories. Official aid is provided under terms and conditions similar to those for ODA. Part II of the DAC List was abolished in 2005. The collection of data on official aid and other resource flows to Part II countries ended with 2004 data. Data are in current U.S. dollars.

The official development assistance (ODA) estimates are published annually at the end of the calendar year in International Development Statistics (IDS) database.",,,,,https://datacatalog.worldbank.org/public-licenses#cc-by
BX.TRF.PWKR.CD.DT,CC BY-4.0,"Personal remittances, received (current US$)","Personal remittances comprise personal transfers and compensation of employees. Personal transfers consist of all current transfers in cash or in kind made or received by resident households to or from nonresident households. Personal transfers thus include all current transfers between resident and nonresident individuals. Compensation of employees refers to the income of border, seasonal, and other short-term workers who are employed in an economy where they are not resident and of residents employed by nonresident entities. Data are the sum of two items defined in the sixth edition of the IMF's Balance of Payments Manual: personal transfers and compensation of employees. Data are in current U.S. dollars.",World Bank staff estimates based on IMF balance of payments data.,Economic Policy & Debt: Balance of payments: Current account: Transfers,,,Annual,1970-2024,Sum,"The two main components of personal remittances, "personal transfers" and "compensation of employees", are items in the balance of payments (BPM6) framework. Both of these standard components are recorded in the current account. 
"Personal transfers", a new item in the Balance of Payments (BPM6) represents a broader definition of worker remittances. Personal transfers include all current transfers in cash or in kind between resident and nonresident individuals, independent of the source of income of the sender (irrespective of whether the sender receives income from labor, entrepreneurial or property income, social benefits, and any other types of transfers; or disposes assets) and the relationship between the households (irrespective of whether they are related or unrelated individuals).

Compensation of employees refers to the income of border, seasonal, and other short-term workers who are employed in an economy where they are not resident and of residents employed by nonresident entities. Compensation of employees represents remuneration in return for the labor input to the production process contributed by an individual in an employer-employee relationship with the enterprise. Compensation of employees is recorded gross and includes amounts paid by the employee as taxes or for other purposes in the economy where the work is performed. Compensation of employees has three main components: wages and salaries in cash, wages and salaries in kind, and employers' social contributions.","Movement of people, most often through migration, is a significant part of global integration. Migrants contribute to the economies of both their host country and their country of origin. Yet reliable statistics on migration are difficult to collect and are often incomplete, making international comparisons a challenge.

In most developed countries, refugees are admitted for resettlement and are routinely included in population counts by censuses or population registers. Globally, the number of refugees at end 2010 was 10.55 million, including 597,300 people considered by the United Nations High Commissioner for Refugees (UNHCR) to be in a refugee-like situation; developing countries hosted 8.5 million refugees, or 80 percent of the global refugee population.

Global migration patterns have become increasingly complex in modern times, involving not just refugees, but also millions of economic migrants. But refugees and migrants, even if they often travel in the same way, are fundamentally different, and for that reason are treated very differently under modern international law. Migrants, especially economic migrants, choose to move in order to improve the future prospects of themselves and their families. Refugees have to move if they are to save their lives or preserve their freedom. They have no protection from their own state - indeed it is often their own government that is threatening to persecute them. If other countries do not let them in, and do not help them once they are in, then they may be condemning them to death - or to an intolerable life in the shadows, without sustenance and without rights.","Remittance transactions have grown in importance over the past decade. In a number of developing economies, receipts of remittances have become an important and stable source of funds that exceeds receipts from exports of goods and services or from financial inflows on foreign direct investment. But the quality of statistical remittance data is not high. Remittances are a challenge to measure because of their nature. They are heterogeneous with numerous small transactions conducted by individuals through a wide variety of channels: formal channels, such as electronic wire, or through informal channels, such as cash or goods carried across borders. The large number of remittance transactions and the multitude of channels pose challenges to the compilation of comprehensive statistics. The small size of individual transactions means that they often go undetected by typical data source systems, although the aggregate level of transactions may be substantial.

Because of difficulties in obtaining data on informal remittance transactions, the remittance transactions undertaken through informal channels are sometimes not well covered in current balance of payments data. As a result, even though direct measurement of remittances - through transactions reporting or surveys - may be considered preferable if feasible, some countries instead combine different sources and estimation methods to achieve better coverage, by using direct measurements where practical and supplemented estimates where they are not. Model-based approaches are used in some countries as they are flexible. Compilers can design models to fill gaps in data sources or to provide global totals.

However, only reliable input data can lead to sound estimates, regardless of the sophistication of an estimation method or econometric model. Indirect data are converted to remittance estimates using a set of assumptions. These assumptions should be plausible, but it is often not possible to test or verify these assumptions and also the results in practice.",Note: Data starting from 2005 are based on the sixth edition of the IMF's Balance of Payments Manual (BPM6).,,https://datacatalog.worldbank.org/public-licenses#cc-by
EN.POP.DNST,CC BY-4.0,Population density (people per sq. km of land area),"Population density is midyear population divided by land area in square kilometers. Population is based on the de facto definition of population, which counts all residents regardless of legal status or citizenship--except for refugees not permanently settled in the country of asylum, who are generally considered part of the population of their country of origin. Land area is a country's total area, excluding area under inland water bodies, national claims to continental shelf, and exclusive economic zones. In most cases the definition of inland water bodies includes major rivers and lakes.","FAO population estimates, Food and Agriculture Organization of the United Nations (FAO), publisher: Food and Agriculture Organization of the United Nations (FAO);
World Bank population estimates, World Bank (WB), publisher: World Bank (WB)",Environment: Density & urbanization,WB_WDI,people per square kilometer of land area,Annual,1961-2023,Weighted average,"Methodology: Population density is midyear population divided by land area in square kilometers. This ratio can be calculated for any territorial unit for any point in time, depending on the source of the population data. Populationestimates are prepared by World Bank staff from variety of sources. They are based on the de facto definition of population and include all residents regardless of legal status or citizenship, within the physical boundaries of a country and under the jurisdiction of that country's political control. Refugees not permanently settled in the country of asylum are considered part of the population of their country of origin. Population numbers are either current census data or historical census data extrapolated through demographic methods. The count also excludes visitors from overseas.



















Population density is calculated by dividing midyear population by land area in a country. Population is based on the de facto definition of population, which counts all residents regardless of legal status or citizenship - except for refugees not permanently settled in the country of asylum, who are generally considered part of the population of their country of origin. Land area is a country's total area, excluding area under inland water bodies, national claims to continental shelf, and exclusive economic zones. In most cases the definition of inland water bodies includes major rivers and lakes.","Population estimates are usually based on national population censuses. Estimates for the years before and after the census are interpolations or extrapolations based on demographic models. Errors and undercounting occur even in high-income countries; in developing countries errors may be substantial because of limits in the transport, communications, and other resources required conducting and analyzing a full census.



















Population density is a measure of the intensity of land-use, and can be calculated for a block, city, county, state, country, continent or the entire world. Considering that over half of the Earth's land mass consists of areas inhospitable to human inhabitation, such as deserts and high mountains, and that population tends to cluster around seaports and fresh water sources, a simple number of population density by itself does not give any meaningful measurement of human population density.



















Several of the most densely populated territories in the world are city-states, microstates, or dependencies.[6][7] These territories share a relatively small area and a high urbanization level, with an economically specialized city population drawing also on rural resources outside the area, illustrating the difference between high population density and overpopulation.","Current population estimates for developing countries that lack recent census data and pre- and post-census estimates for countries with census data are provided by the United Nations Population Division and other agencies. The cohort component method - a standard method for estimating and projecting population - requires fertility, mortality, and net migration data, often collected from sample surveys, which can be small or limited in coverage. Population estimates are from demographic modeling and so are susceptible to biases and errors from shortcomings in the model and in the data. Because the five-year age group is the cohort unit and five-year period data are used, interpolations to obtain annual data or single age structure may not reflect actual events or age composition.

















The quality and reliability of official demographic data are also affected by public trust in the government, government commitment to full and accurate enumeration, confidentiality and protection against misuse of census data, and census agencies' independence from political influence. Moreover, comparability of population indicators is limited by differences in the concepts, definitions, collection procedures, and estimation methods used by national statistical agencies and other organizations that collect the data.",,,https://datacatalog.worldbank.org/public-licenses#cc-by
SP.POP.GROW,CC BY-4.0,Population growth (annual %),"Annual population growth rate for year t is the exponential rate of growth of midyear population from year t-1 to t, expressed as a percentage. Population is based on the de facto definition of population, which counts all residents regardless of legal status or citizenship.","World Population Prospects, United Nations (UN), note: Derived from total population, publisher: UN Population Division;
Statistical databases and publications from national statistical offices, National statistical offices, note: Derived from total population;
Demographic Statistics, Eurostat (ESTAT), note: Derived from total population;
Population and Vital Statistics Report (various years), United Nations (UN), note: Derived from total population, publisher: UN Statistical Division",Health: Population: Dynamics,WB_WDI,Percentage,Annual,1961-2024,Weighted average,"Methodology: The growth rate is computed using the exponential growth formula:



r = ln(pn/p0)/n, 



where r is the exponential rate of growth, ln() is the natural logarithm, pn is the end period population, p0 is the beginning period population, and n is the number of years in between. Note that this is not the geometric growth rate used to compute compound growth over discrete periods.



For information on total population from which the growth rates are calculated, see total population (SP.POP.TOTL).
Statistical concept(s): Total population growth rates are calculated on the assumption that rate of growth is constant between two points in time.","Increases in human population, whether as a result of immigration or more births than deaths, can impact natural resources and social infrastructure.  This can place pressure on a country's sustainability.  A significant growth in population will negatively impact the availability of land for agricultural production, and will aggravate demand for food, energy, water, social services, and infrastructure. On the other hand, decreasing population size - a result of fewer births than deaths, and people moving out of a country - can impact a government's commitment to maintain services and infrastructure.",,,,https://datacatalog.worldbank.org/public-licenses#cc-by
SP.POP.TOTL,CC BY-4.0,"Population, total","Total population is based on the de facto definition of population, which counts all residents regardless of legal status or citizenship. The values shown are midyear estimates.","World Population Prospects, United Nations (UN), uri: https://population.un.org/wpp/, publisher: UN Population Division;
Statistical databases and publications from national statistical offices, National Statistical Offices, uri: https://unstats.un.org/home/nso_sites/, publisher: National Statistical Offices;
Eurostat: Demographic Statistics, Eurostat (ESTAT), uri: https://ec.europa.eu/eurostat/data/database?node_code=earn_ses_monthly, publisher: Eurostat;
Population and Vital Statistics Report (various years), United Nations (UN), uri: https://unstats.un.org, publisher: UN Statistics Division",Health: Population: Structure,WB_WDI,Unit,Annual,1960-2024,Sum,"Methodology: Population estimates are usually based on national population censuses, and estimates of fertility, mortality and migration.



Errors and undercounting in census occur even in high-income countries.  In developing countries errors may be substantial because of limits in the transport, communications, and other resources required to conduct and analyze a full census.



The quality and reliability of official demographic data are also affected by public trust in the government, government commitment to full and accurate enumeration, confidentiality and protection against misuse of census data, and census agencies' independence from political influence. Moreover, comparability of population indicators is limited by differences in the concepts, definitions, collection procedures, and estimation methods used by national statistical agencies and other organizations that collect the data.



The currentness of a census and the availability of complementary data from surveys or registration systems are objective ways to judge demographic data quality. Some European countries' registration systems offer complete information on population in the absence of a census.



The United Nations Statistics Division monitors the completeness of vital registration systems. Some developing countries have made progress over the last 60 years, but others still have deficiencies in civil registration systems.



International migration is the only other factor besides birth and death rates that directly determines a country's population change. Estimating migration is difficult. At any time many people are located outside their home country as tourists, workers, or refugees or for other reasons. Standards for the duration and purpose of international moves that qualify as migration vary, and estimates require information on flows into and out of countries that is difficult to collect.



One of the major data sources of this indicator is UN Population Division's World Population Prospects, which use the cohort component method to produce population estimates and projections.



Population projections, starting from a base year are projected forward using assumptions of mortality, fertility, and migration by age and sex through 2050, based on the UN Population Division's World Population Prospects database medium variant.
Statistical concept(s): Estimates of total population describe the size of total population. Population estimates are dependent on the demographic components of change that are fertility, mortality and migration. As the size of population continues to change throughout the time even within a year, a reference time in the year that the estimate refers to is needed, such as mid-year, end-year or beginning of year. The values shown are midyear estimates.","Increases in human population, whether as a result of immigration or more births than deaths, can impact natural resources and social infrastructure.  This can place pressure on a country's sustainability.  A significant growth in population will negatively impact the availability of land for agricultural production, and will aggravate demand for food, energy, water, social services, and infrastructure. On the other hand, decreasing population size - a result of fewer births than deaths, and people moving out of a country - can impact a government's commitment to maintain services and infrastructure.","Current population estimates for developing countries that lack (i) reliable recent census data, and (ii) pre- and post-census estimates for countries with census data, are provided by the United Nations Population Division and other agencies. 



The cohort component method - a standard method for estimating and projecting population - requires fertility, mortality, and net migration data, often collected from sample surveys, which can be small or limited in coverage. Population estimates are from demographic modeling and so are susceptible to biases and errors from shortcomings in both the model and the data.



Because future trends cannot be known with certainty, population projections have a wide range of uncertainty.",,Relevance to gender indicator: disaggregating the population composition by gender will help a country in projecting its demand for social services on a gender basis.,https://datacatalog.worldbank.org/public-licenses#cc-by
SI.POV.DDAY,CC BY-4.0,Poverty headcount ratio at $3.00 a day (2021 PPP) (% of population),"Poverty headcount ratio at $3.00 a day is the percentage of the population living on less than $3.00 a day at 2021 purchasing power adjusted prices. As a result of revisions in PPP exchange rates, poverty rates for individual countries cannot be compared with poverty rates reported in earlier editions.","World Bank, Poverty and Inequality Platform. Data are based on primary household survey data obtained from government statistical agencies and World Bank country departments. Data for high-income economies are mostly from the Luxembourg Income Study database. For more information and methodology, please see http://pip.worldbank.org., World Bank (WB), uri: http://pip.worldbank.org, note: Data are based on primary household survey data obtained from government statistical agencies and World Bank country departments. Data for high-income economies are mostly from the Luxembourg Income Study database.",Poverty: Poverty rates,WB_WDI,%,Annual,1963-2024,Population-weighted average,"Methodology: International comparisons of poverty estimates entail both conceptual and practical problems. Countries have different definitions of poverty, and consistent comparisons across countries can be difficult. Local poverty lines tend to have higher purchasing power in rich countries, where more generous standards are used, than in poor countries.







Since World Development Report 1990, the World Bank has aimed to apply a common standard in measuring extreme poverty, anchored to what poverty means in the world's poorest countries. The welfare of people living in different countries can be measured on a common scale by adjusting for differences in the purchasing power of currencies. The commonly used $1 a day standard, measured in 1985 international prices and adjusted to local currency using purchasing power parities (PPPs), was chosen for World Development Report 1990 because it was typical of the poverty lines in low-income countries at the time. As differences in the cost of living across the world evolve, the international poverty line has to be periodically updated using new PPP price data to reflect these changes. The last change was in September 2022, when we adopted $3.00 as the international poverty line using the 2021 PPP. Poverty measures based on international poverty lines attempt to hold the real value of the poverty line constant across countries, as is done when making comparisons over time. The $4.20 poverty line is derived from typical national poverty lines in countries classified as Lower Middle Income. The $8.30 poverty line is derived from typical national poverty lines in countries classified as Upper Middle Income.







Early editions of World Development Indicators used PPPs from the Penn World Tables to convert values in local currency to equivalent purchasing power measured in U.S dollars. Later editions used 1993, 2005, and 2021 consumption PPP estimates produced by the World Bank. The current extreme poverty line is set at $3.00 a day in 2021 PPP terms, which represents the mean of the poverty lines found in 15 of the poorest countries ranked by per capita consumption. The new poverty line maintains the same standard for extreme poverty - the poverty line typical of the poorest countries in the world - but updates it using the latest information on the cost of living in developing countries. As a result of revisions in PPP exchange rates, poverty rates for individual countries cannot be compared with poverty rates reported in earlier editions.







The statistics reported here are based on consumption data or, when unavailable, on income surveys.
Statistical concept(s): Poverty headcount ratio at $3.00 a day refers to the percentage of a population whose consumption or income per day falls short of the international poverty line of $3.00 a day (adjusted for purchasing power parity differences across countries), the poverty line typical of low-income countries.","The World Bank Group is committed to reducing extreme poverty to 3 percent or less, globally, by 2030. The World Bank defines extreme poverty as living on less than $3.00 a day (adjusted for purchasing power differences across countries). The value of $3.00 is the typical poverty line of low-income countries, which is the minimum amount of money people in low-income countries need to cover their daily basic needs, including food, clothing, and shelter. The share of population living on less than $3.00 a day is the first indicator the World Bank tracks in its Bank�s expanded vision indicators to create a world free of poverty in a livable planet. It is also the indicator the UN tracks for SDG 1.1. Monitoring poverty is important on the global development agenda as well as on the national development agenda of many countries.","Despite progress in the last decade, the challenges of measuring poverty remain. The timeliness, frequency, quality, and comparability of household surveys need to increase substantially, particularly in the poorest countries. The availability and quality of poverty monitoring data remains low in small states, countries with fragile situations, and low-income countries and even some middle-income countries. The low frequency and lack of comparability of the data available in some countries create uncertainty over the magnitude of poverty reduction. 







Besides the frequency and timeliness of survey data, other data quality issues arise in measuring household living standards. The surveys ask detailed questions on sources of income and how it was spent, which must be carefully recorded by trained personnel. Income is generally more difficult to measure accurately, and consumption comes closer to the notion of living standards. And income can vary over time even if living standards do not. But consumption data are not always available: the latest estimates reported here use consumption data for about two-thirds of countries.







However, even similar surveys may not be strictly comparable because of differences in timing or in the quality and training of enumerators. Comparisons of countries at different levels of development also pose a potential problem because of differences in the relative importance of the consumption of nonmarket goods. The local market value of all consumption in kind (including own production, particularly important in underdeveloped rural economies) should be included in total consumption expenditure but may not be. Most survey data now include valuations for consumption or income from own production, but valuation methods vary.",,The World Bank�s internationally comparable poverty monitoring database now draws on income or detailed consumption data from more than 2000 household surveys across 169 countries. See the Poverty and Inequality Platform (PIP) for details (www.pip.worldbank.org).,https://datacatalog.worldbank.org/public-licenses#cc-by
SI.POV.NAHC,CC BY-4.0,Poverty headcount ratio at national poverty lines (% of population),"National poverty headcount ratio is the percentage of the population living below the national poverty line(s). National estimates are based on population-weighted subgroup estimates from household surveys. For economies for which the data are from EU-SILC, the reported year is the income reference year, which is the year before the survey year.","World Bank, Poverty and Inequality Platform. Data are compiled from official government sources or are computed by World Bank staff using national (i.e. country�specific) poverty lines., World Bank (WB), note: Data are compiled from official government sources or are computed by World Bank staff using national (i.e. country�specific) poverty lines.",Poverty: Poverty rates,WB_WDI,%,Annual,1985-2024,Population-weighted average,"Methodology: Poverty headcount ratio among the population is measured based on national (i.e. country-specific) poverty lines. A country may have a unique national poverty line or separate poverty lines for rural and urban areas, or for different geographic areas to reflect differences in the cost of living or sometimes to reflect differences in diets and consumption baskets.







Poverty estimates at national poverty lines are computed from household survey data collected from nationally representative samples of households. These data must contain sufficiently detailed information to compute a comprehensive estimate of total household income or consumption (including consumption or income from own production), from which it is possible to construct a correctly weighted distribution of per capita consumption or income. 







National poverty lines are the benchmark for estimating poverty indicators that are consistent with the country's specific economic and social circumstances. National poverty lines reflect local perceptions of the level and composition of consumption or income needed to be non-poor. The perceived boundary between poor and non-poor typically rises with the average income of a country and thus does not provide a uniform measure for comparing poverty rates across countries. While poverty rates at national poverty lines should not be used for comparing poverty rates across countries, they are appropriate for guiding and monitoring the results of country-specific national poverty reduction strategies. 







Almost all national poverty lines in developing economies are anchored to the cost of a food bundle - based on the prevailing national diet of the poor - that provides adequate nutrition for good health and normal activity, plus an allowance for nonfood spending. National poverty lines must be adjusted for inflation between survey years to remain constant in real terms and thus allow for meaningful comparisons of poverty over time. Because diets and consumption baskets change over time, countries periodically recalculate the poverty line based on new survey data. In such cases the new poverty lines should be deflated to obtain comparable poverty estimates from earlier years. 







This series only includes estimates that to the best of our knowledge are reasonably comparable over time for a country. For economies for which the data are from EU-SILC, the reported year is the income reference year, which is the year before the survey year. For all other economies, the year reported is the year in which the underlying household survey data were collected or, when the data collection period bridged two calendar years, the year in which data collection started.
Statistical concept(s): National poverty headcount ratio refers to the percentage of a population whose consumption or income per day falls short of the national poverty line. National poverty lines vary by country and over time. In low- and middle-income countries, national poverty lines tend to be absolute poverty lines, thus reflecting the estimated minimum amount of money needed to cover basic needs. In high-income countries, national poverty lines tend to be relative poverty lines, thus reflecting the typical amount of money needed for an individual to afford the typical standard of living and without any restraints to participating fully in the societies in which they live. National poverty lines tend to grow with economic growth, especially in high-income or upper-middle-income countries.","The poverty rate as defined by national poverty lines reflects the share of the population that fails to meet the standard a country thinks is necessary to cover basic needs (typically in low- and middle-income countries) or afford a decent lifestyle (typically in high-income countries). SDG 1.2 aims to reduce by half the proportion of men, women and children of all ages living in poverty in all its dimensions according to national definitions, by 2030.",,,"This series only includes estimates that to the best of our knowledge are reasonably comparable over time for a country. Due to differences in estimation methodologies and poverty lines, estimates should not be compared across countries.",https://datacatalog.worldbank.org/public-licenses#cc-by
SH.DYN.AIDS.ZS,CC BY-4.0,"Prevalence of HIV, total (% of population ages 15-49)",Prevalence of HIV refers to the percentage of people ages 15-49 who are infected with HIV.,"UNAIDS estimates, Joint United Nations Programme on HIV/AIDS (UNAIDS), uri: https://aidsinfo.unaids.org/, publisher: UNAIDS, date accessed: 2025-08-27, date published: 2025-07",Health: Risk factors,WB_WDI,Percentage,Annual,1990-2024,Weighted average,"Methodology: UNAIDS produces annual HIV/AIDS-related indicators using a common modelling framework (Spectrum). The model integrates country-reported data on HIV surveillance, antiretroviral therapy (ART) coverage, demographic information, and established patterns of HIV transmission, disease progression, and survival. Because many countries lack complete case reporting or cause-of-death data, these figures are modelled estimates and include uncertainty ranges. UNAIDS updates the estimates each year as new data and methods become available, ensuring internal consistency across all HIV/AIDS-related indicators. Reference: Annex 1 Methods for deriving UNAIDS HIV estimates � 2025 Global AIDS Update � AIDS, Crisis and the Power to Transform: https://www.unaids.org/sites/default/files/2025-08/JC3153_GAU25_report_annex1_en.pdf
Statistical concept(s): HIV prevalence rates reflect the rate of HIV infection in each country's population. Low national prevalence rates can be misleading, however. They often disguise epidemics that are initially concentrated in certain localities or population groups and threaten to spill over into the wider population. In many developing countries most new infections occur in young adults, with young women especially vulnerable.","Despite the existence of effective medications and treatment, HIV/AIDS is still a leading cause of death and public health threat in the world.  Low and middle income countries continue to bear a disproportionate share of the global burden of HIV/AIDS.",The limited availability of data on health status is a major constraint in assessing the health situation in developing countries. Surveillance data are lacking for many major public health concerns. Estimates of prevalence and incidence are available for some diseases but are often unreliable and incomplete. National health authorities differ widely in capacity and willingness to collect or report information.,,,https://datacatalog.worldbank.org/public-licenses#cc-by
SH.STA.MALN.ZS,CC BY-4.0,"Prevalence of underweight, weight for age (% of children under 5)",Prevalence of underweight children is the percentage of children under age 5 whose weight for age is more than two standard deviations below the median for the international reference population ages 0-59 months. The data are based on the WHO's 2006 Child Growth Standards.,"UNICEF, WHO, World Bank: Joint child Malnutrition Estimates (JME). Aggregation is based on UNICEF, WHO, and the World Bank harmonized dataset (adjusted, comparable data) and methodology., UN Children's Fund (UNICEF), note: Aggregation is based on UNICEF, WHO, and the World Bank harmonized dataset (adjusted, comparable data) and methodology;
World Health Organization (WHO), note: Joint child Malnutrition Estimates (JME); Aggregation is based on UNICEF, WHO, and the World Bank harmonized dataset (adjusted, comparable data) and methodology;
World Bank (WB), note: Joint child Malnutrition Estimates (JME); Aggregation is based on UNICEF, WHO, and the World Bank harmonized dataset (adjusted, comparable data) and methodology",Health: Nutrition,WB_WDI,Percentage,Annual,1983-2024,Linear mixed-effect model estimates,"Methodology: Survey estimates are based on standardized methodology using the WHO Child Growth Standards as described elsewhere.
Statistical concept(s): Child underweight belongs to a set of indicators whose purpose is to measure nutritional imbalance and malnutrition resulting in undernutrition (assessed by underweight, stunting and wasting) and overweight.",Child growth is an internationally accepted outcome reflecting child nutritional status.,"Survey estimates come with levels of uncertainty due to both sampling error and non-sampling error (e.g., measurement technical error, recording error etc.,). None of the two sources of errors have been fully taken into account for deriving estimates neither at country nor at regional or worldwide levels.",,"Undernourished children have lower resistance to infection and are more likely to die from common childhood ailments such as diarrheal diseases and respiratory infections. Frequent illness saps the nutritional status of those who survive, locking them into a vicious cycle of recurring sickness and faltering growth (UNICEF). Estimates are from national survey data. Being even mildly underweight increases the risk of death and inhibits cognitive development in children. And it perpetuates the problem across generations, as malnourished women are more likely to have low-birth-weight babies. Stunting, or being below median height for age, is often used as a proxy for multifaceted deprivation and as an indicator of long-term changes in malnutrition.",https://datacatalog.worldbank.org/public-licenses#cc-by
SE.PRM.CMPT.ZS,CC BY-4.0,"Primary completion rate, total (% of relevant age group)","Primary completion rate, or gross intake ratio to the last grade of primary education, is the number of new entrants (enrollments minus repeaters) in the last grade of primary education, regardless of age, divided by the population at the entrance age for the last grade of primary education. Data limitations preclude adjusting for students who drop out during the final year of primary education.","Data API, UN Educational, Scientific and Cultural Organization (UNESCO), uri: https://databrowser.uis.unesco.org/resources, note: The data are obtained through the UIS API.  Detailed documentation is available at: https://api.uis.unesco.org/api/public/documentation/, publisher: UNESCO Institute for Statistics (UIS), type: Bulk file (csv), date accessed: 2025-09-22, date published: 2025-09",Education: Outcomes,WB_WDI,% of relevant age group,Annual,1970-2024,Weighted average,"Methodology: Primary completion rate is calculated by dividing the number of new entrants (enrollment minus repeaters) in the last grade of primary education, regardless of age, by the population at the entrance age for the last grade of primary education and multiplying by 100. 



















Data on education are collected by the UNESCO Institute for Statistics from official responses to its annual education survey. All the data are mapped to the International Standard Classification of Education (ISCED) to ensure the comparability of education programs at the international level. The current version was formally adopted by UNESCO Member States in 2011. Population data are drawn from the United Nations Population Division. Using a single source for population data standardizes definitions, estimations, and interpolation methods, ensuring a consistent methodology across countries and minimizing potential enumeration problems in national censuses.



















The reference years reflect the school year for which the data are presented. In some countries the school year spans two calendar years (for example, from September 2010 to June 2011); in these cases the reference year refers to the year in which the school year ended (2011 in the example).
Statistical concept(s): The indicator represents the influence of policies regarding entry and progress through the initial stages of primary or lower secondary education on the completion of the terminal grade at the respective level. The presumption is that students who enroll in the final grade for the first time will successfully finish that grade, thereby completing the designated level of education.","Primary education lays the groundwork for acquiring essential literacy and numeracy skills, setting the stage for a robust learning journey and fostering overall personal and social growth.  SDG target 4.1 aims to ensure that all children complete free, equitable, and quality primary education.  This indicator holds significant relevance for policy-makers dedicated to enhancing children's educational access and engagement. It gauges the capacity of the education system to support a group of students from their expected entry age to the completion of all grades of primary education.","The data do not account for students who drop out during the final year of primary education. Therefore, this rate serves as a proxy and should be considered an upper estimate of the actual primary completion rate.







 











There are many reasons why the primary completion rate can exceed 100 percent. The numerator may include late entrants and overage children who have repeated one or more grades of primary education as well as children who entered school early, while the denominator is the number of children at the entrance age for the last grade of primary education.",,,https://datacatalog.worldbank.org/public-licenses#cc-by
GC.REV.XGRT.GD.ZS,CC BY-4.0,"Revenue, excluding grants (% of GDP)",Revenue is an increase in net worth resulting from a transaction. Grants are excluded from this figure. This indicator is expressed as a percentage of Gross Domestic Product (GDP) which is the total income earned through the production of goods and services in an economic territory during an accounting period.,"Government Finance Statistics Yearbook and data files, International Monetary Fund (IMF)",Public Sector: Government finance: Revenue,WB_WDI,%,Annual,1972-2024,Weighted average,"Methodology: Government Finance statistics are compiled in accordance with international standards: Government Finance Statistics Manual, 2014 or 2001 editions. Specific information on how countries compile their Government Finance statistics can be found on the IMF website: https://dsbb.imf.org/
Statistical concept(s): Government Financial Statistics are compiled within a conceptual and reporting framework suitable for analyzing and evaluating fiscal policy, especially the performance of the general government sector and the broader public sector of any economy.","This indicator is related to Government finance statistics. Government finance statistics provide a detailed snapshot of a government's fiscal operations and health. They encompass data on revenue, expenditures, deficits, and debt levels, which are essential for crafting fiscal policy, budget planning, and economic forecasting. These statistics help policymakers manage public finances effectively, make informed decisions on taxation and spending, and set priorities for resource allocation. For investors, analysts, and the international community, government finance statistics serve as key indicators of a country's economic stability and creditworthiness. They also play a crucial role in ensuring transparency and accountability, as they allow citizens and oversight bodies to track how public funds are managed and spent, fostering democratic engagement and governance. More specifically, this indicator is related to the revenue side of government finance statistics. The revenue side of government finance statistics provides insight into the government's income streams, which include taxes, fees, fines, and revenues from state-owned entities. This data is crucial for evaluating the government's financial capabilities to fund public services and infrastructure projects. It also helps determining the sustainability and effectiveness of fiscal policies. By examining revenue trends, policymakers can make informed decisions on tax reforms, budget allocations, and debt management. For the public and investors, understanding government revenue is important for gauging the country's economic health and the government's ability to honor its financial commitments, which can affect economic stability and confidence in the market.","For most countries central government finance data have been consolidated into one account, but for others only budgetary central government accounts are available. Countries reporting budgetary data are noted in the country metadata. Because budgetary accounts may not include all central government units (such as social security funds), they usually provide an incomplete picture. In federal states the central government accounts provide an incomplete view of total public finance.





Data on government revenue and expense are collected by the IMF through questionnaires to member countries and by the Organisation for Economic Co-operation and Development (OECD). Despite IMF efforts to standardize data collection, statistics are often incomplete, untimely, and not comparable across countries.",,,https://datacatalog.worldbank.org/public-licenses#cc-by
SE.PRM.ENRR,CC BY-4.0,"School enrollment, primary (% gross)","Gross enrollment ratio is the ratio of total enrollment, regardless of age, to the population of the age group that officially corresponds to the level of education shown. Primary education provides children with basic reading, writing, and mathematics skills along with an elementary understanding of such subjects as history, geography, natural science, social science, art, and music.","Data API, UN Educational, Scientific and Cultural Organization (UNESCO), uri: https://databrowser.uis.unesco.org/resources, note: The data are obtained through the UIS API.  Detailed documentation is available at: https://api.uis.unesco.org/api/public/documentation/, publisher: UNESCO Institute for Statistics (UIS), type: Bulk file (csv), date accessed: 2025-09-22, date published: 2025-09",Education: Participation,WB_WDI,% of population in the 5-year age group immediately following preprimary education,Annual,1970-2024,Weighted average,"Methodology: Gross enrollment ratio for primary school is calculated by dividing the number of students enrolled in primary education regardless of age by the population of the age group which officially corresponds to primary education, and multiplying by 100. 

















Data on education are collected by the UNESCO Institute for Statistics from official responses to its annual education survey. All the data are mapped to the International Standard Classification of Education (ISCED) to ensure the comparability of education programs at the international level. The current version was formally adopted by UNESCO Member States in 2011. Population data are drawn from the United Nations Population Division. Using a single source for population data standardizes definitions, estimations, and interpolation methods, ensuring a consistent methodology across countries and minimizing potential enumeration problems in national censuses.

















The reference years reflect the school year for which the data are presented. In some countries the school year spans two calendar years (for example, from September 2010 to June 2011); in these cases the reference year refers to the year in which the school year ended (2011 in the example).
Statistical concept(s): Gross enrollment ratios indicate the capacity of each level of the education system, but a high ratio may reflect a substantial number of overage children enrolled in each grade because of repetition or late entry rather than a successful education system.","Primary education is fundamental to future educational success and opens pathways for continued advancement. This indicator measures the overall rate of participation in primary education, signifying the education system's ability to enroll students within a specific age cohort.","Enrollment indicators are based on annual school surveys, but do not necessarily reflect actual attendance or dropout rates during the year. Also, the length of education differs across countries and can influence enrollment rates, although the International Standard Classification of Education (ISCED) tries to minimize the difference. For example, a shorter duration for primary education tends to increase the rate; a longer one to decrease it (in part because older children are more at risk of dropping out). Moreover, age at enrollment may be inaccurately estimated or misstated, especially in communities where registration of births is not strictly enforced.",,,https://datacatalog.worldbank.org/public-licenses#cc-by
SE.ENR.PRSC.FM.ZS,CC BY-4.0,"School enrollment, primary and secondary (gross), gender parity index (GPI)",Gender parity index for gross enrollment ratio in primary and secondary education is the ratio of girls to boys enrolled at primary and secondary levels in public and private schools.,"Stat Bulk Data Download Service, UN Educational, Scientific and Cultural Organization (UNESCO), uri: https://uis.unesco.org/bdds, publisher: UNESCO Institute for Statistics (UIS)",Education: Participation,WB_WDI,,Annual,1970-2022,Weighted average,"Methodology: This indicator is calculated by dividing female gross enrollment ratio in primary and secondary education by male gross enrollment ratio in primary and secondary education. 

Data on education are collected by the UNESCO Institute for Statistics from official responses to its annual education survey. All the data are mapped to the International Standard Classification of Education (ISCED) to ensure the comparability of education programs at the international level. The current version was formally adopted by UNESCO Member States in 2011. 

The reference years reflect the school year for which the data are presented. In some countries the school year spans two calendar years (for example, from September 2010 to June 2011); in these cases the reference year refers to the year in which the school year ended (2011 in the example).",The Gender Parity Index (GPI) indicates parity between girls and boys. A GPI of less than 1 suggests girls are more disadvantaged than boys in learning opportunities and a GPI of greater than 1 suggests the other way around. Eliminating gender disparities in education would help increase the status and capabilities of women.,,,,https://datacatalog.worldbank.org/public-licenses#cc-by
SE.SEC.ENRR,CC BY-4.0,"School enrollment, secondary (% gross)","Gross enrollment ratio is the ratio of total enrollment, regardless of age, to the population of the age group that officially corresponds to the level of education shown. Secondary education completes the provision of basic education that began at the primary level, and aims at laying the foundations for lifelong learning and human development, by offering more subject- or skill-oriented instruction using more specialized teachers.","Data API, UN Educational, Scientific and Cultural Organization (UNESCO), uri: https://databrowser.uis.unesco.org/resources, note: The data are obtained through the UIS API.  Detailed documentation is available at: https://api.uis.unesco.org/api/public/documentation/, publisher: UNESCO Institute for Statistics (UIS), type: Bulk file (csv), date accessed: 2025-09-22, date published: 2025-09",Education: Participation,WB_WDI,% of population in the 5-year age group immediately following primary education,Annual,1970-2024,Weighted average,"Methodology: Gross enrollment ratio for secondary school is calculated by dividing the number of students enrolled in secondary education regardless of age by the population of the age group which officially corresponds to secondary education, and multiplying by 100. 

















Data on education are collected by the UNESCO Institute for Statistics from official responses to its annual education survey. All the data are mapped to the International Standard Classification of Education (ISCED) to ensure the comparability of education programs at the international level. The current version was formally adopted by UNESCO Member States in 2011. Population data are drawn from the United Nations Population Division. Using a single source for population data standardizes definitions, estimations, and interpolation methods, ensuring a consistent methodology across countries and minimizing potential enumeration problems in national censuses.

















The reference years reflect the school year for which the data are presented. In some countries the school year spans two calendar years (for example, from September 2010 to June 2011); in these cases the reference year refers to the year in which the school year ended (2011 in the example).
Statistical concept(s): Gross enrollment ratios indicate the capacity of each level of the education system, but a high ratio may reflect a substantial number of overage children enrolled in each grade because of repetition or late entry rather than a successful education system.","Secondary education acts as a critical intermediary that not only builds upon the foundational knowledge acquired in primary education but also equips students for various pathways, including immediate entry into the workforce, further education in postsecondary non-tertiary institutions, or advancement to higher education. This indicator assesses the aggregate participation rate in secondary education, reflecting the education system's capacity to enroll students within a designated age group.","Enrollment indicators are based on annual school surveys, but do not necessarily reflect actual attendance or dropout rates during the year. Also, the length of education differs across countries and can influence enrollment rates, although the International Standard Classification of Education (ISCED) tries to minimize the difference. For example, a shorter duration for primary education tends to increase the rate; a longer one to decrease it (in part because older children are more at risk of dropping out). Moreover, age at enrollment may be inaccurately estimated or misstated, especially in communities where registration of births is not strictly enforced.",,,https://datacatalog.worldbank.org/public-licenses#cc-by
AG.SRF.TOTL.K2,CC BY-4.0,Surface area (sq. km),"Surface area is a country's total area, including areas under inland bodies of water and some coastal waterways.","FAO electronic files and web site, Food and Agriculture Organization of the United Nations (FAO), publisher: Food and Agriculture Organization of the United Nations (FAO)",Environment: Land use,WB_WDI,square kilometers,Annual,1961-2023,Sum,"Methodology: Total land area includes inland water bodies such as major rivers and lakes. Variations from year to year may be due to updated or revised data rather than to change in area. Including areas of former states; for example, the areas of the Union of Soviet Socialist Republics (USSR) are counted in Russian Federationand other successor states.","Total surface area is particularly important for understanding an economy's agricultural capacity and the environmental effects of human activity. Innovations in satellite mapping and computer databases have resulted in more precise measurements of land and water areas.

















Population, surface area, income, and output are basic measures of the size of an economy. They also provide a broad indication of actual and potential resources. Land area is therefore used as one of the major indicator to normalize other indicators.","The data are collected by the Food and Agriculture Organization (FAO) of the United Nations through annual questionnaires. The FAO tries to impose standard definitions and reporting methods, but complete consistency across countries and over time is not possible.















The data collected from official national sources through the questionnaire are supplemented with information from official secondary data sources. The secondary sources cover official country data from websites of national ministries, national publications and related country data reported by various international organizations.",,Areas of former states are included in the successor states.,https://datacatalog.worldbank.org/public-licenses#cc-by
GC.TAX.TOTL.GD.ZS,CC BY-4.0,Tax revenue (% of GDP),"Taxes are compulsory, unrequited payments, in cash or in kind, made by institutional


units to government units. This indicator is expressed as a percentage of Gross Domestic Product (GDP) which is the total income earned through the production of goods and services in an economic territory during an accounting period.","Government Finance Statistics Yearbook and data files, International Monetary Fund (IMF)",Public Sector: Government finance: Revenue,WB_WDI,%,Annual,1972-2024,Weighted average,"Methodology: Government Finance statistics are compiled in accordance with international standards: Government Finance Statistics Manual, 2014 or 2001 editions. Specific information on how countries compile their Government Finance statistics can be found on the IMF website: https://dsbb.imf.org/
Statistical concept(s): Government Financial Statistics are compiled within a conceptual and reporting framework suitable for analyzing and evaluating fiscal policy, especially the performance of the general government sector and the broader public sector of any economy.","This indicator is related to Government finance statistics. Government finance statistics provide a detailed snapshot of a government's fiscal operations and health. They encompass data on revenue, expenditures, deficits, and debt levels, which are essential for crafting fiscal policy, budget planning, and economic forecasting. These statistics help policymakers manage public finances effectively, make informed decisions on taxation and spending, and set priorities for resource allocation. For investors, analysts, and the international community, government finance statistics serve as key indicators of a country's economic stability and creditworthiness. They also play a crucial role in ensuring transparency and accountability, as they allow citizens and oversight bodies to track how public funds are managed and spent, fostering democratic engagement and governance. More specifically, this indicator is related to the revenue side of government finance statistics. The revenue side of government finance statistics provides insight into the government's income streams, which include taxes, fees, fines, and revenues from state-owned entities. This data is crucial for evaluating the government's financial capabilities to fund public services and infrastructure projects. It also helps determining the sustainability and effectiveness of fiscal policies. By examining revenue trends, policymakers can make informed decisions on tax reforms, budget allocations, and debt management. For the public and investors, understanding government revenue is important for gauging the country's economic health and the government's ability to honor its financial commitments, which can affect economic stability and confidence in the market.","For most countries central government finance data have been consolidated into one account, but for others only budgetary central government accounts are available. Countries reporting budgetary data are noted in the country metadata. Because budgetary accounts may not include all central government units (such as social security funds), they usually provide an incomplete picture. In federal states the central government accounts provide an incomplete view of total public finance.





Data on government revenue and expense are collected by the IMF through questionnaires to member countries and by the Organisation for Economic Co-operation and Development (OECD). Despite IMF efforts to standardize data collection, statistics are often incomplete, untimely, and not comparable across countries.",,,https://datacatalog.worldbank.org/public-licenses#cc-by
ER.PTD.TOTL.ZS,CC BY-4.0,Terrestrial and marine protected areas (% of total territorial area),"Terrestrial protected areas are totally or partially protected areas of at least 1,000 hectares that are designated by national authorities as scientific reserves with limited public access, national parks, natural monuments, nature reserves or wildlife sanctuaries, protected landscapes, and areas managed mainly for sustainable use. Marine protected areas are areas of intertidal or subtidal terrain--and overlying water and associated flora and fauna and historical and cultural features--that have been reserved by law or other effective means to protect part or all of the enclosed environment. Sites protected under local or provincial law are excluded.","Protected Planet: The World Database on Protected Areas (WDPA) and World Database on Other Effective Area-based Conservation Measures (WD-OECM), UN Environment Programme World Conservation Monitoring Centre (UNEP-WCMC), uri: https://www.protectedplanet.net/en, publisher: Protected Planet, date accessed: 20240516, date published: 202405;
International Union for Conservation of Nature (IUCN), uri: https://www.protectedplanet.net/en, publisher: Protected Planet, date accessed: 20240516",Environment: Biodiversity & protected areas,WB_WDI,% (share) of total territorial area,Annual,2013-2024,Weighted average,"Methodology: This indicator is calculated using all the nationally designated protected areas recorded in the World Database on Protected Areas (WDPA) whose location and extent is known. The WDPA database is stored within a Geographic Information System (GIS) that stores information about protected areas such as their name, type and date of designation, documented area, geographic location (point) and/or boundary (polygon).



















A GIS analysis is used to calculate terrestrial and marine protection. For this a global protected area layer is created by combining the polygons and points recorded in the WDPA. Circular buffers are created around points based on the known extent of protected areas for which no polygon is available. Annual protected area layers are created by dissolving the global protected area layer by the known year of establishment of protected areas recorded in the WDPA. The annual protected area layers are overlaid with country/territory boundaries, coastlines and buffered coastlines (delineating the territorial waters) to obtain the absolute coverage (in square kilometers) of protected areas by country/territory per year from 1990 to present. The total area of a country's/territory's terrestrial protected areas and marine protected areas in territorial waters is divided by the total area of its land areas (including inland waters) and territorial waters to obtain the relative coverage (percentage) of protected areas.
Statistical concept(s):","The International Union for Conservation of Nature (IUCN) defines a protected area as "a clearly defined geographical space, recognized, dedicated and managed, through legal or other effective means, to achieve the long-term conservation of nature with associated ecosystem services and cultural values."



















Terrestrial protected areas are totally or partially protected areas of at least 1,000 hectares that are designated by national authorities as scientific reserves with limited public access, national parks, natural monuments, nature reserves or wildlife sanctuaries, protected landscapes, and areas managed mainly for sustainable use.



















Marine protected areas are areas of intertidal or subtidal terrain - and overlying water and associated flora and fauna and historical and cultural features - that have been reserved by law or other effective means to protect part or the entire enclosed environment. Sites protected under local or provincial law are excluded.



















As threats to biodiversity mount, the international community is increasingly focusing on conserving diversity. Deforestation is a major cause of loss of biodiversity, and habitat conservation is vital for stemming this loss. Conservation efforts have focused on protecting areas of high biodiversity. Increasing the proportion of terrestrial and marine areas protected helps defend vulnerable plant and animal species and safeguard biodiversity.









 









Protected areas remain the fundamental building blocks of virtually all national and international conservation strategies, supported by governments and international institutions. They provide the core of efforts to protect the world's threatened species and are increasingly recognized as essential providers of ecosystem services and biological resources. Some sites are owned and managed by governments, others by private individuals, companies, communities and faith groups.



















The Sustainable Development Goals (SDGs) address concerns common to all economies. In recognition of the vulnerability of animal and plant species, SDGs include targets 14 and 15 to highlight the importance of marine and terrestorial protected areas. Increasing the proportion of terrestrial and marine areas protected helps defend vulnerable plant and animal species and safeguard biodiversity.","The data source for this indicator is the World Database on Protected Areas (WDPA), the most comprehensive global dataset on marine and terrestrial protected areas available. 

















The extent to which the land areas, including inland waters, and territorial waters of a country/territory are protected is useful for planning purpose to protect biodiversity. However, it is neither an indication of how well managed the terrestrial and marine protected areas are, nor confirmation that protection measures are effectively enforced. Further, the indicator does not provide information on non-designated or internationally designated protected areas that may also be important for conserving biodiversity. There are known data and knowledge gaps for some countries/regions due to difficulties in reporting national protected area data to the WDPA and/or determining whether a site conforms to the IUCN definition of a protected area.

















Gaps and/or time lags in reporting national protected area data to the WDPA can however result in discrepancies, which are resolved in communication with data providers. The World Conservation Monitoring Centre (WCMC) compiles data on protected areas, numbers of certain species, and numbers of those species under threat from various sources. Because of differences in definitions, reporting practices, and reporting periods, cross-country comparability is limited.

















Due to variations in consistency and methods of collection, data quality is highly variable across countries. Some countries update their information more frequently than others, some have more accurate data on extent of coverage, and many underreport the number or extent of protected areas.",,Restricted use: Please contact the Protected Planet for third-party use of these data.,https://datacatalog.worldbank.org/public-licenses#cc-by
DT.TDS.DECT.EX.ZS,CC BY-4.0,"Total debt service (% of exports of goods, services and primary income)","Total debt service to exports of goods, services and primary income. Total debt service is the sum of principal repayments and interest actually paid in currency, goods, or services on long-term debt, interest paid on short-term debt, and repayments (repurchases and charges) to the IMF.","International Debt Statistics, World Bank (WB)",Economic Policy & Debt: External debt: Debt ratios & other items,WB_WDI,,Annual,1970-2024,Weighted average,"Methodology: Data on external debt are gathered through the World Bank's Debtor Reporting System (DRS). Long term debt data are compiled using the countries report on public and publicly guaranteed borrowing on a loan-by-loan basis and private non guaranteed borrowing on an aggregate basis. These data are supplemented by information from major multilateral banks and official lending agencies in major creditor countries. Short-term debt data are gathered from the Quarterly External Debt Statistics (QEDS) database, jointly developed by the World Bank and the IMF and from creditors through the reporting systems of the Bank for International Settlements. Debt data are reported in the currency of repayment and compiled and published in U.S. dollars. End-of-period exchange rates are used for the compilation of stock figures (amount of debt outstanding), and projected debt service and annual average exchange rates are used for the flows. Exchange rates are taken from the IMF's International Financial Statistics. Debt repayable in multiple currencies, goods, or services and debt with a provision for maintenance of the value of the currency of repayment are shown at book value.","External debt is that part of the total debt in a country that is owed to creditors outside the country. The debtors can be the government, corporations or private households. The debt includes money owed to private commercial banks, other governments, or international financial institutions.

External indebtedness affects a country's creditworthiness and investor perceptions. Nonreporting countries might have outstanding debt with the World Bank, other international financial institutions, or private creditors. Total debt service is contrasted with countries' ability to obtain foreign exchange through exports of goods, services, primary income, and workers' remittances.

Debt ratios are used to assess the sustainability of a country's debt service obligations, but no absolute rules determine what values are too high. Empirical analysis of developing countries' experience and debt service performance shows that debt service difficulties become increasingly likely when the present value of debt reaches 200 percent of exports. Still, what constitutes a sustainable debt burden varies by country. Countries with fast-growing economies and exports are likely to be able to sustain higher debt levels. Various indicators determine a sustainable level of external debt, including:

a) debt to GDP ratio
b) foreign debt to exports ratio
c) government debt to current fiscal revenue ratio 
d) share of foreign debt
e) short-term debt
f) concessional debt in the total debt stock",,,The denominator for this indicator in previous versions of Global Development Finance included workers' remittances. Workers' remittances are no longer included.,https://datacatalog.worldbank.org/public-licenses#cc-by
SP.URB.GROW,CC BY-4.0,Urban population growth (annual %),"Annual urban population growth rate for year t is the exponential rate of growth of midyear urban population from year t-1 to t, expressed as a percentage. Urban population refers to people living in urban areas as defined by national statistical offices. It is calculated using World Bank total population estimates and urban ratios from the United Nations World Urbanization Prospects.","World Urbanization Prospects, United Nations (UN), uri: https://population.un.org/wup/, note: World Bank staff estimates based on the United Nations Population Division's World Urbanization Prospects, National definitions, publisher: UN Population Division;
Staff estimates, World Bank (WB), note: World Bank staff estimates based on the United Nations Population Division's World Urbanization Prospects, National definitions",Environment: Density & urbanization,WB_WDI,Percentage,Annual,1961-2024,Weighted average,"Methodology: The indicator is calculated from urban population estimates. The urban population estimates are calulcated using World Bank's total population estimates and urban ratios from the United Nations World Urbanization Prospects.











The growth rate is computed using the exponential growth formula:











r = ln(pn/p0)/n, 











where r is the exponential rate of growth, ln() is the natural logarithm, pn is the end period population, p0 is the beginning period population, and n is the number of years in between. Note that this is not the geometric growth rate used to compute compound growth over discrete periods.
Statistical concept(s): Urban population refers to people living in urban areas as defined by national statistical offices. Particular caution should be used in interpreting the figures for percentage urban for different countries. Countries differ in the way they classify population as "urban" or "rural." The population of a city or metropolitan area depends on the boundaries chosen.","Explosive growth of cities globally signifies the demographic transition from rural to urban, and is associated with shifts from an agriculture-based economy to mass industry, technology, and service.











In principle, cities offer a more favorable setting for the resolution of social and environmental problems than rural areas. Cities generate jobs and income, and deliver education, health care and other services. Cities also present opportunities for social mobilization and women's empowerment.","Most countries use an urban classification related to the size or characteristics of settlements. Some define urban areas based on the presence of certain infrastructure and services. And other countries designate urban areas based on administrative arrangements. Because of national differences in the characteristics that distinguish urban from rural areas, the distinction between urban and rural population is not amenable to a single definition that would be applicable to all countries.

Estimates of the world's urban population would change significantly if China, India, and a few other populous nations were to change their definition of urban centers.

Because the estimates of city and metropolitan area are based on national definitions of what constitutes a city or metropolitan area, cross-country comparisons should be made with caution.",,,https://datacatalog.worldbank.org/public-licenses#cc-by
